id;data_inversa;dia_semana;horario;br;km;municipio;causa_acidente;tipo_acidente;classificacao_acidente;fase_dia;sentido_via;condicao_metereologica;tipo_pista;tracado_via;uso_solo;pessoas;mortos;feridos_leves;feridos_graves;ilesos;ignorados;feridos;veiculos;latitude;longitude
228815.0;2019-08-15;quinta-feira;04:25:00;101.0;258.0;SERRA;Falta de Atenção à Condução;Colisão frontal;Com Vítimas Feridas;Plena Noite;Crescente;Nublado;Dupla;Desvio Temporário;Sim;3;0;1;1;1;0;2;2;-20.1306;-40.2961
228832.0;2019-08-15;quinta-feira;07:20:00;262.0;107.5;VENDA NOVA DO IMIGRANTE;Ultrapassagem Indevida;Colisão frontal;Com Vítimas Feridas;Amanhecer;Crescente;Sol;Simples;Reta;Sim;2;0;0;1;1;0;1;2;-20.32992;-41.15344
228875.0;2019-08-15;quinta-feira;11:30:00;262.0;33.0;DOMINGOS MARTINS;Pista Escorregadia;Saída de leito carroçável;Com Vítimas Feridas;Pleno dia;Crescente;Chuva;Simples;Curva;Não;2;0;1;0;1;0;1;1;-20.37535;-40.58433
228902.0;2019-08-15;quinta-feira;14:30:00;262.0;24.5;VIANA;Condutor Dormindo;Colisão com objeto estático;Com Vítimas Feridas;Pleno dia;Crescente;Nublado;Simples;Curva;Não;1;0;1;0;0;0;1;1;-20.379179999999998;-40.52625
228903.0;2019-08-15;quinta-feira;09:00:00;262.0;137.8;BREJETUBA;Ultrapassagem Indevida;Tombamento;Com Vítimas Feridas;Pleno dia;Decrescente;Nublado;Simples;Curva;Não;3;0;1;0;2;0;1;2;-20.23526;-41.34328
237800.0;2019-08-15;quinta-feira;08:00:00;101.0;268.9;SERRA;Falta de Atenção à Condução;Colisão lateral;Com Vítimas Feridas;Pleno dia;Crescente;Céu Claro;Dupla;Reta;Sim;2;0;1;0;1;0;1;2;-20.218120000000003;-40.27019
255819.0;2019-08-15;quinta-feira;08:50:00;101.0;188.8;ARACRUZ;Falta de Atenção à Condução;Colisão traseira;Com Vítimas Feridas;Pleno dia;Decrescente;Céu Claro;Simples;Reta;Não;3;0;1;0;2;0;1;2;-19.68086;-40.26944
228951.0;2019-08-15;quinta-feira;20:40:00;262.0;6.8;CARIACICA;Desobediência às normas de trânsito pelo pedestre;Atropelamento de Pedestre;Com Vítimas Feridas;Plena Noite;Decrescente;Ignorado;Dupla;Reta;Sim;2;0;1;0;1;0;1;1;-20.34007;-40.39451
229013.0;2019-08-16;sexta-feira;07:30:00;262.0;0.1;VITORIA;Desobediência às normas de trânsito pelo condutor;Tombamento;Com Vítimas Feridas;Pleno dia;Decrescente;Céu Claro;Dupla;Ponte;Sim;3;0;2;0;1;0;2;2;-20.32079;-40.353320000000004
229073.0;2019-08-16;sexta-feira;12:45:00;101.0;47.0;CONCEICAO DA BARRA;Agressão Externa;Colisão com objeto em movimento;Com Vítimas Feridas;Pleno dia;Decrescente;Céu Claro;Simples;Reta;Não;1;0;1;0;0;0;1;1;-18.56004;-39.900209999999994
229091.0;2019-08-16;sexta-feira;14:45:00;101.0;159.0;LINHARES;Falta de Atenção à Condução;Colisão transversal;Com Vítimas Feridas;Pleno dia;Crescente;Sol;Simples;Interseção de vias;Sim;2;0;1;0;1;0;1;2;-19.4684;-40.11026
229101.0;2019-08-16;sexta-feira;15:30:00;101.0;229.5;FUNDAO;Desobediência às normas de trânsito pelo condutor;Colisão lateral;Com Vítimas Feridas;Pleno dia;Decrescente;Nublado;Múltipla;Reta;Sim;3;0;2;0;1;0;2;2;-19.93155;-40.40553
229139.0;2019-08-16;sexta-feira;18:30:00;259.0;58.0;COLATINA;Desobediência às normas de trânsito pelo condutor;Tombamento;Com Vítimas Feridas;Plena Noite;Crescente;Céu Claro;Dupla;Reta;Sim;2;0;0;2;0;0;2;2;-19.514470000000003;-40.660790000000006
229215.0;2019-08-17;sábado;01:00:00;262.0;105.8;VENDA NOVA DO IMIGRANTE;Falta de Atenção à Condução;Colisão frontal;Com Vítimas Feridas;Plena Noite;Crescente;Nublado;Simples;Reta;Sim;2;0;1;0;0;1;1;2;-20.32516;-41.14181
229261.0;2019-08-17;sábado;09:35:00;101.0;304.3;VIANA;Falta de Atenção à Condução;Colisão lateral;Sem Vítimas;Pleno dia;Crescente;Céu Claro;Dupla;Reta;Sim;2;0;0;0;2;0;0;2;-20.38006;-40.45431
229272.0;2019-08-17;sábado;10:40:00;101.0;352.0;ANCHIETA;Desobediência às normas de trânsito pelo condutor;Colisão lateral;Com Vítimas Feridas;Pleno dia;Decrescente;Céu Claro;Simples;Reta;Não;3;0;1;0;1;1;1;2;-20.66935;-40.66333
229285.0;2019-08-17;sábado;10:20:00;101.0;304.0;VIANA;Falta de Atenção à Condução;Colisão traseira;Sem Vítimas;Pleno dia;Crescente;Nublado;Múltipla;Reta;Sim;3;0;0;0;3;0;0;2;-20.38006;-40.45431
229289.0;2019-08-17;sábado;11:30:00;101.0;94.0;JAGUARE;Falta de Atenção à Condução;Colisão lateral;Com Vítimas Feridas;Pleno dia;Crescente;Céu Claro;Simples;Desvio Temporário;Sim;3;0;1;1;1;0;2;2;-18.93086;-39.97181
229305.0;2019-08-17;sábado;12:30:00;262.0;0.8;CARIACICA;Falta de Atenção à Condução;Colisão traseira;Com Vítimas Feridas;Pleno dia;Crescente;Sol;Dupla;Reta;Não;2;0;0;1;1;0;1;2;-20.323970000000003;-40.35453
229459.0;2019-08-18;domingo;03:25:00;101.0;394.9;RIO NOVO DO SUL;Falta de Atenção à Condução;Colisão lateral;Com Vítimas Feridas;Plena Noite;Crescente;Céu Claro;Simples;Curva;Sim;2;0;0;1;0;1;1;2;-20.866020000000002;-40.93169
229450.0;2019-08-18;domingo;02:10:00;101.0;269.0;SERRA;Ingestão de Álcool;Saída de leito carroçável;Sem Vítimas;Plena Noite;Decrescente;Céu Claro;Dupla;Reta;Sim;3;0;0;0;3;0;0;1;-20.22304;-40.269870000000004
229555.0;2019-08-18;domingo;13:30:00;262.0;31.7;DOMINGOS MARTINS;Ingestão de Álcool;Saída de leito carroçável;Sem Vítimas;Pleno dia;Decrescente;Céu Claro;Simples;Curva;Não;2;0;0;0;2;0;0;1;-20.3808;-40.57587
229539.0;2019-08-18;domingo;13:00:00;259.0;62.3;COLATINA;Velocidade Incompatível;Colisão traseira;Com Vítimas Feridas;Pleno dia;Crescente;Céu Claro;Simples;Reta;Não;3;0;2;0;1;0;2;2;-19.53124;-40.68991
229550.0;2019-08-18;domingo;15:25:00;101.0;239.0;FUNDAO;Desobediência às normas de trânsito pelo condutor;Queda de ocupante de veículo;Com Vítimas Feridas;Pleno dia;Decrescente;Céu Claro;Simples;Curva;Sim;2;0;2;0;0;0;2;1;-20.007820000000002;-40.40791
229598.0;2019-08-18;domingo;19:05:00;101.0;122.0;SOORETAMA;Falta de Atenção à Condução;Queda de ocupante de veículo;Com Vítimas Feridas;Plena Noite;Crescente;Céu Claro;Simples;Reta;Não;2;0;2;0;0;0;2;1;-19.16017;-40.08315
229625.0;2019-08-18;domingo;18:30:00;259.0;25.4;COLATINA;Falta de Atenção à Condução;Saída de leito carroçável;Com Vítimas Feridas;Plena Noite;Crescente;Céu Claro;Simples;Curva;Não;4;0;3;0;1;0;3;1;-19.61948;-40.47748
229649.0;2019-08-18;domingo;21:10:00;101.0;339.3;GUARAPARI;Ingestão de Álcool;Saída de leito carroçável;Sem Vítimas;Plena Noite;Crescente;Céu Claro;Simples;Ponte;Não;1;0;0;0;1;0;0;1;-20.64347;-40.55827
229699.0;2019-08-19;segunda-feira;05:50:00;101.0;213.2;IBIRACU;Falta de Atenção à Condução;Colisão lateral;Com Vítimas Feridas;Pleno dia;Decrescente;Céu Claro;Simples;Reta;Sim;2;0;1;0;1;0;1;2;-19.823529999999998;-40.369820000000004
229737.0;2019-08-19;segunda-feira;07:00:00;482.0;50.5;CACHOEIRO DE ITAPEMIRIM;Falta de Atenção do Pedestre;Atropelamento de Pedestre;Com Vítimas Feridas;Pleno dia;Decrescente;Céu Claro;Simples;Reta;Não;2;0;0;1;0;1;1;1;-20.77037;-41.280640000000005
229752.0;2019-08-19;segunda-feira;10:30:00;262.0;17.1;VIANA;Falta de Atenção à Condução;Colisão lateral;Com Vítimas Feridas;Pleno dia;Crescente;Céu Claro;Simples;Reta;Sim;2;0;1;0;1;0;1;2;-20.38636;-40.47273
229784.0;2019-08-19;segunda-feira;13:40:00;101.0;264.0;SERRA;Falta de Atenção à Condução;Colisão traseira;Sem Vítimas;Pleno dia;Crescente;Sol;Dupla;Reta;Sim;2;0;0;0;2;0;0;2;-20.172929999999997;-40.26736
229817.0;2019-08-19;segunda-feira;18:50:00;101.0;294.0;CARIACICA;Falta de Atenção à Condução;Colisão transversal;Com Vítimas Feridas;Plena Noite;Decrescente;Céu Claro;Simples;Viaduto;Não;2;0;1;0;1;0;1;2;-20.32416;-40.39529
229831.0;2019-08-19;segunda-feira;19:10:00;482.0;47.9;CACHOEIRO DE ITAPEMIRIM;Deficiência ou não Acionamento do Sistema de Iluminação/Sinalização do Veículo;Colisão traseira;Com Vítimas Feridas;Plena Noite;Decrescente;Céu Claro;Simples;Reta;Não;2;0;0;1;1;0;1;2;-20.759;-41.260529999999996
234963.0;2019-08-19;segunda-feira;17:24:00;101.0;149.0;LINHARES;Desobediência às normas de trânsito pelo condutor;Colisão transversal;Com Vítimas Feridas;Pleno dia;Crescente;Céu Claro;Dupla;Interseção de vias;Sim;3;0;2;1;0;0;3;2;-19.39986;-40.06244
233671.0;2019-08-19;segunda-feira;07:00:00;101.0;96.0;JAGUARE;Falta de Atenção à Condução;Colisão lateral;Com Vítimas Feridas;Pleno dia;Crescente;Céu Claro;Simples;Reta;Não;4;0;1;1;1;1;2;2;-18.94725;-39.979729999999996
229992.0;2019-08-20;terça-feira;16:00:00;101.0;142.6;LINHARES;Falta de Atenção à Condução;Colisão lateral;Com Vítimas Feridas;Pleno dia;Crescente;Céu Claro;Simples;Interseção de vias;Sim;2;0;1;0;1;0;1;2;-19.33459;-40.06755
230043.0;2019-08-20;terça-feira;19:50:00;482.0;125.5;DORES DO RIO PRETO;Desobediência às normas de trânsito pelo condutor;Colisão traseira;Com Vítimas Fatais;Plena Noite;Crescente;Ignorado;Simples;Reta;Não;2;1;0;0;1;0;0;2;-20.772370000000002;-41.806340000000006
229891.0;2019-08-20;terça-feira;06:40:00;101.0;268.4;SERRA;Falta de Atenção à Condução;Colisão traseira;Com Vítimas Feridas;Pleno dia;Crescente;Céu Claro;Dupla;Reta;Sim;2;0;0;1;1;0;1;2;-20.20842;-40.2694
229907.0;2019-08-20;terça-feira;07:50:00;101.0;261.0;SERRA;Falta de Atenção à Condução;Tombamento;Com Vítimas Feridas;Pleno dia;Crescente;Céu Claro;Dupla;Reta;Sim;1;0;0;1;0;0;1;1;-20.14854;-40.279709999999994
229966.0;2019-08-20;terça-feira;13:40:00;101.0;2.0;SERRA;Não guardar distância de segurança;Colisão traseira;Com Vítimas Feridas;Pleno dia;Decrescente;Nublado;Dupla;Reta;Sim;6;0;0;1;5;0;1;5;-20.25382;-40.28893
230004.0;2019-08-20;terça-feira;16:15:00;101.0;246.1;SERRA;Falta de Atenção do Pedestre;Atropelamento de Pedestre;Com Vítimas Feridas;Pleno dia;Crescente;Céu Claro;Dupla;Reta;Não;2;0;0;1;1;0;1;1;-20.06198;-40.37679
230005.0;2019-08-20;terça-feira;16:00:00;101.0;421.3;CACHOEIRO DE ITAPEMIRIM;Falta de Atenção à Condução;Colisão transversal;Com Vítimas Feridas;Pleno dia;Crescente;Nublado;Simples;Rotatória;Não;2;0;1;0;1;0;1;2;-20.97397;-41.11067
230074.0;2019-08-20;terça-feira;21:57:00;101.0;296.3;CARIACICA;Não guardar distância de segurança;Colisão traseira;Com Vítimas Feridas;Plena Noite;Crescente;Céu Claro;Múltipla;Curva;Sim;3;0;1;0;2;0;1;2;-20.3403;-40.40406
230018.0;2019-08-20;terça-feira;18:30:00;101.0;211.0;IBIRACU;Desobediência às normas de trânsito pelo condutor;Colisão transversal;Com Vítimas Feridas;Plena Noite;Crescente;Céu Claro;Simples;Reta;Sim;2;0;1;0;1;0;1;2;-19.807010000000002;-40.367670000000004
230072.0;2019-08-20;terça-feira;22:20:00;262.0;111.0;VENDA NOVA DO IMIGRANTE;Falta de Atenção à Condução;Colisão transversal;Com Vítimas Feridas;Plena Noite;Decrescente;Chuva;Simples;Reta;Sim;2;0;0;1;1;0;1;2;-20.33711;-41.19043
230054.0;2019-08-20;terça-feira;20:20:00;262.0;105.0;VENDA NOVA DO IMIGRANTE;Falta de Atenção à Condução;Colisão transversal;Com Vítimas Feridas;Plena Noite;Crescente;Garoa/Chuvisco;Simples;Reta;Não;2;0;0;1;1;0;1;2;-20.32625;-41.13599
230062.0;2019-08-20;terça-feira;21:40:00;101.0;265.9;SERRA;Ingestão de Álcool;Atropelamento de Pedestre;Com Vítimas Feridas;Plena Noite;Crescente;Nublado;Múltipla;Reta;Sim;2;0;1;0;1;0;1;1;-20.18168;-40.26536
230198.0;2019-08-21;quarta-feira;13:55:00;101.0;414.5;ITAPEMIRIM;Velocidade Incompatível;Colisão transversal;Com Vítimas Feridas;Pleno dia;Decrescente;Chuva;Simples;Reta;Não;3;0;1;0;2;0;1;3;-20.923460000000002;-41.078359999999996
230125.0;2019-08-21;quarta-feira;08:00:00;101.0;271.7;SERRA;Não guardar distância de segurança;Colisão lateral;Com Vítimas Feridas;Pleno dia;Decrescente;Nublado;Dupla;Interseção de vias;Sim;2;0;1;0;1;0;1;2;-20.2386;-40.2785
230220.0;2019-08-21;quarta-feira;16:30:00;101.0;299.7;VIANA;Falta de Atenção à Condução;Colisão lateral;Com Vítimas Feridas;Pleno dia;Crescente;Nublado;Múltipla;Reta;Sim;2;0;1;0;1;0;1;2;-20.358610000000002;-40.42328
230397.0;2019-08-22;quinta-feira;16:40:00;101.0;287.6;CARIACICA;Falta de Atenção à Condução;Colisão transversal;Com Vítimas Feridas;Pleno dia;Decrescente;Nublado;Dupla;Não Informado;Não;2;0;1;0;1;0;1;2;-20.26494;-40.38472
230394.0;2019-08-22;quinta-feira;16:15:00;101.0;269.7;SERRA;Desobediência às normas de trânsito pelo condutor;Colisão transversal;Com Vítimas Feridas;Pleno dia;Decrescente;Nublado;Dupla;Interseção de vias;Sim;2;0;0;1;0;1;1;2;-20.2174;-40.269909999999996
230468.0;2019-08-22;quinta-feira;23:10:00;101.0;252.9;SERRA;Falta de Atenção à Condução;Colisão transversal;Com Vítimas Feridas;Plena Noite;Decrescente;Nublado;Simples;Reta;Não;2;0;0;1;1;0;1;2;-20.09618;-40.33951
230385.0;2019-08-22;quinta-feira;08:45:00;101.0;130.5;LINHARES;Falta de Atenção à Condução;Tombamento;Com Vítimas Feridas;Pleno dia;Decrescente;Nublado;Simples;Reta;Não;1;0;1;0;0;0;1;1;-19.22995;-40.09267
230372.0;2019-08-22;quinta-feira;13:10:00;262.0;49.0;MARECHAL FLORIANO;Agressão Externa;Danos eventuais;Sem Vítimas;Pleno dia;Decrescente;Céu Claro;Simples;Reta;Não;1;0;0;0;1;0;0;1;-20.41251;-40.697990000000004
230446.0;2019-08-22;quinta-feira;09:10:00;262.0;0.2;VITORIA;Defeito na Via;Queda de ocupante de veículo;Com Vítimas Feridas;Pleno dia;Crescente;Nublado;Dupla;Não Informado;Sim;2;0;1;0;0;1;1;1;-20.32079;-40.353320000000004
230356.0;2019-08-22;quinta-feira;10:50:00;262.0;1.4;CARIACICA;Falta de Atenção à Condução;Colisão transversal;Sem Vítimas;Pleno dia;Crescente;Nublado;Múltipla;Reta;Sim;2;0;0;0;1;1;0;2;-20.32955;-40.354929999999996
230362.0;2019-08-22;quinta-feira;11:40:00;101.0;268.0;SERRA;Desobediência às normas de trânsito pelo condutor;Colisão traseira;Sem Vítimas;Pleno dia;Crescente;Nublado;Simples;Reta;Sim;3;0;0;0;3;0;0;2;-20.20842;-40.2694
230570.0;2019-08-23;sexta-feira;14:15:00;262.0;165.7;IBATIBA;Defeito Mecânico no Veículo;Colisão com objeto estático;Com Vítimas Feridas;Pleno dia;Crescente;Nublado;Simples;Reta;Não;3;0;2;0;1;0;2;2;-20.247139999999998;-41.55845
230502.0;2019-08-23;sexta-feira;07:40:00;262.0;6.7;CARIACICA;Falta de Atenção à Condução;Colisão traseira;Com Vítimas Feridas;Pleno dia;Decrescente;Céu Claro;Múltipla;Reta;Sim;2;0;1;0;1;0;1;2;-20.34007;-40.39451
230603.0;2019-08-23;sexta-feira;17:50:00;101.0;40.0;CONCEICAO DA BARRA;Defeito Mecânico no Veículo;Tombamento;Com Vítimas Feridas;Anoitecer;Crescente;Nublado;Simples;Desvio Temporário;Não;1;0;1;0;0;0;1;1;-18.49981;-39.91852
230560.0;2019-08-23;sexta-feira;13:35:00;101.0;288.0;CARIACICA;Defeito Mecânico no Veículo;Queda de ocupante de veículo;Com Vítimas Feridas;Pleno dia;Decrescente;Nublado;Dupla;Reta;Sim;2;0;2;0;0;0;2;1;-20.2716;-40.39092
230516.0;2019-08-23;sexta-feira;08:35:00;101.0;266.0;SERRA;Avarias e/ou desgaste excessivo no pneu;Colisão traseira;Sem Vítimas;Pleno dia;Crescente;Chuva;Múltipla;Reta;Sim;2;0;0;0;2;0;0;2;-20.1902;-40.26829
230681.0;2019-08-23;sexta-feira;20:15:00;262.0;99.2;VENDA NOVA DO IMIGRANTE;Ingestão de Álcool;Colisão lateral;Com Vítimas Feridas;Pleno dia;Decrescente;Nublado;Simples;Curva;Não;2;0;1;0;1;0;1;2;-20.35052;-41.09312
230493.0;2019-08-23;sexta-feira;05:30:00;101.0;302.0;VIANA;Desobediência às normas de trânsito pelo condutor;Colisão com objeto estático;Sem Vítimas;Amanhecer;Decrescente;Chuva;Dupla;Curva;Sim;1;0;0;0;1;0;0;1;-20.37655;-40.44262
230584.0;2019-08-23;sexta-feira;15:00:00;101.0;395.5;RIO NOVO DO SUL;Pista Escorregadia;Tombamento;Com Vítimas Feridas;Pleno dia;Decrescente;Garoa/Chuvisco;Simples;Reta;Sim;1;0;1;0;0;0;1;1;-20.86594;-40.93258
230485.0;2019-08-23;sexta-feira;05:00:00;101.0;167.4;LINHARES;Animais na Pista;Atropelamento de Animal;Com Vítimas Feridas;Amanhecer;Decrescente;Nublado;Simples;Reta;Não;1;0;0;1;0;0;1;1;-19.52735;-40.15218
230492.0;2019-08-23;sexta-feira;05:30:00;262.0;158.0;IBATIBA;Ingestão de Álcool;Colisão com objeto estático;Com Vítimas Feridas;Plena Noite;Crescente;Nublado;Simples;Reta;Sim;2;0;2;0;0;0;2;1;-20.23111;-41.49626
230870.0;2019-08-24;sábado;21:15:00;101.0;266.3;SERRA;Desobediência às normas de trânsito pelo condutor;Colisão transversal;Com Vítimas Feridas;Pleno dia;Decrescente;Nublado;Múltipla;Interseção de vias;Sim;2;0;1;0;1;0;1;2;-20.1902;-40.26829
230794.0;2019-08-24;sábado;14:20:00;101.0;272.4;SERRA;Defeito Mecânico no Veículo;Tombamento;Com Vítimas Feridas;Pleno dia;Crescente;Nublado;Dupla;Reta;Não;1;0;0;1;0;0;1;1;-20.22725;-40.28427
230777.0;2019-08-24;sábado;12:25:00;101.0;286.0;CARIACICA;Falta de Atenção à Condução;Colisão transversal;Com Vítimas Feridas;Pleno dia;Decrescente;Céu Claro;Dupla;Não Informado;Não;2;0;0;1;1;0;1;2;-20.25902;-40.37753
230904.0;2019-08-24;sábado;23:30:00;259.0;39.0;COLATINA;Ingestão de Álcool;Colisão traseira;Com Vítimas Feridas;Plena Noite;Crescente;Nublado;Simples;Reta;Não;5;0;2;0;2;1;2;3;-19.55774;-40.5296
230772.0;2019-08-24;sábado;11:43:00;101.0;260.8;SERRA;Desobediência às normas de trânsito pelo condutor;Colisão lateral;Sem Vítimas;Pleno dia;Crescente;Nublado;Dupla;Curva;Sim;2;0;0;0;0;2;0;2;-20.146160000000002;-40.28836
230848.0;2019-08-24;sábado;19:00:00;101.0;238.5;FUNDAO;Falta de Atenção à Condução;Saída de leito carroçável;Com Vítimas Feridas;Plena Noite;Crescente;Nublado;Simples;Curva;Não;1;0;1;0;0;0;1;1;-20.00572;-40.412690000000005
230721.0;2019-08-24;sábado;06:00:00;101.0;221.0;IBIRACU;Velocidade Incompatível;Tombamento;Com Vítimas Feridas;Amanhecer;Crescente;Céu Claro;Dupla;Reta;Não;2;0;2;0;0;0;2;1;-19.8296;-40.378370000000004
230843.0;2019-08-24;sábado;18:35:00;101.0;26.0;PINHEIROS;Desobediência às normas de trânsito pelo pedestre;Atropelamento de Pedestre;Com Vítimas Fatais;Plena Noite;Decrescente;Nublado;Simples;Reta;Não;2;1;0;0;1;0;0;1;-18.3674;-39.95085
231096.0;2019-08-25;domingo;18:30:00;101.0;284.0;CARIACICA;Velocidade Incompatível;Saída de leito carroçável;Com Vítimas Feridas;Plena Noite;Crescente;Nublado;Múltipla;Desvio Temporário;Sim;2;0;1;0;1;0;1;1;-20.24335;-40.369690000000006
231094.0;2019-08-25;domingo;19:45:00;101.0;266.2;SERRA;Ingestão de Álcool;Colisão transversal;Com Vítimas Feridas;Plena Noite;Crescente;Nublado;Múltipla;Interseção de vias;Sim;4;0;2;0;2;0;2;2;-20.1902;-40.26829
231093.0;2019-08-25;domingo;19:00:00;101.0;74.0;SAO MATEUS;Restrição de Visibilidade;Atropelamento de Pedestre;Com Vítimas Feridas;Plena Noite;Decrescente;Chuva;Simples;Reta;Não;3;0;0;1;1;1;1;1;-18.77756;-39.87357
231083.0;2019-08-25;domingo;18:40:00;101.0;139.0;LINHARES;Falta de Atenção à Condução;Colisão transversal;Com Vítimas Feridas;Plena Noite;Crescente;Céu Claro;Simples;Retorno Regulamentado;Não;4;0;1;0;3;0;1;2;-19.31017;-40.07997
231064.0;2019-08-25;domingo;17:35:00;101.0;294.0;CARIACICA;Falta de Atenção à Condução;Colisão com objeto estático;Com Vítimas Feridas;Anoitecer;Crescente;Nublado;Dupla;Reta;Sim;1;0;1;0;0;0;1;1;-20.32545;-40.39597
231060.0;2019-08-25;domingo;17:30:00;101.0;270.0;SERRA;Não guardar distância de segurança;Queda de ocupante de veículo;Com Vítimas Feridas;Anoitecer;Crescente;Nublado;Dupla;Reta;Sim;1;0;0;1;0;0;1;1;-20.22662;-40.27075
231053.0;2019-08-25;domingo;16:30:00;101.0;233.8;FUNDAO;Falta de Atenção à Condução;Tombamento;Com Vítimas Feridas;Amanhecer;Decrescente;Céu Claro;Dupla;Não Informado;Não;2;0;2;0;0;0;2;1;-19.96104;-40.406890000000004
230934.0;2019-08-25;domingo;03:40:00;259.0;48.3;COLATINA;Falta de Atenção à Condução;Colisão lateral;Com Vítimas Feridas;Plena Noite;Crescente;Nublado;Múltipla;Interseção de vias;Sim;3;0;1;1;1;0;2;2;-19.52285;-40.59357
235357.0;2019-08-25;domingo;09:16:00;262.0;1.7;CARIACICA;Falta de Atenção à Condução;Colisão lateral;Sem Vítimas;Pleno dia;Decrescente;Sol;Dupla;Reta;Sim;2;0;0;0;2;0;0;2;-20.32955;-40.354929999999996
236699.0;2019-08-25;domingo;18:55:00;101.0;448.5;MIMOSO DO SUL;Condutor Dormindo;Colisão frontal;Com Vítimas Fatais;Anoitecer;Crescente;Céu Claro;Simples;Reta;Não;2;1;0;0;1;0;0;2;-21.13028;-41.280440000000006
234521.0;2019-08-26;segunda-feira;06:00:00;101.0;334.0;GUARAPARI;Não guardar distância de segurança;Colisão traseira;Sem Vítimas;Amanhecer;Crescente;Céu Claro;Simples;Reta;Não;2;0;0;0;2;0;0;2;-20.62138;-40.520109999999995
233554.0;2019-08-26;segunda-feira;04:00:00;101.0;429.5;ATILIO VIVACQUA;Agressão Externa;Saída de leito carroçável;Com Vítimas Feridas;Plena Noite;Crescente;Garoa/Chuvisco;Simples;Reta;Não;21;0;21;0;0;0;21;1;-21.02826;-41.16261
232715.0;2019-08-26;segunda-feira;14:00:00;262.0;27.0;VIANA;Velocidade Incompatível;Capotamento;Com Vítimas Feridas;Pleno dia;Decrescente;Nublado;Dupla;Não Informado;Não;1;0;1;0;0;0;1;1;-20.38399;-40.55226
231477.0;2019-08-26;segunda-feira;11:05:00;262.0;3.6;CARIACICA;Falta de Atenção à Condução;Engavetamento;Sem Vítimas;Pleno dia;Crescente;Chuva;Dupla;Reta;Sim;3;0;0;0;3;0;0;3;-20.33374;-40.36911
231933.0;2019-08-26;segunda-feira;18:25:00;101.0;144.9;LINHARES;Não guardar distância de segurança;Colisão traseira;Com Vítimas Feridas;Plena Noite;Decrescente;Nublado;Múltipla;Reta;Sim;2;0;0;1;1;0;1;2;-19.359579999999998;-40.06422
232085.0;2019-08-26;segunda-feira;19:00:00;262.0;114.9;CONCEICAO DO CASTELO;Animais na Pista;Tombamento;Com Vítimas Feridas;Plena Noite;Crescente;Céu Claro;Simples;Reta;Não;1;0;1;0;0;0;1;1;-20.32545;-41.21078
231348.0;2019-08-27;terça-feira;20:40:00;101.0;214.3;IBIRACU;Desobediência às normas de trânsito pelo condutor;Colisão lateral;Com Vítimas Feridas;Plena Noite;Decrescente;Nublado;Simples;Reta;Não;2;0;1;0;0;1;1;2;-19.829629999999998;-40.37588
231243.0;2019-08-27;terça-feira;14:30:00;101.0;149.0;LINHARES;Desobediência às normas de trânsito pelo condutor;Colisão transversal;Sem Vítimas;Pleno dia;Crescente;Céu Claro;Simples;Curva;Sim;2;0;0;0;2;0;0;2;-19.40682;-40.06425
231543.0;2019-08-28;quarta-feira;18:30:00;262.0;106.0;VENDA NOVA DO IMIGRANTE;Falta de Atenção à Condução;Colisão lateral;Com Vítimas Feridas;Plena Noite;Decrescente;Céu Claro;Simples;Reta;Sim;2;0;0;1;1;0;1;2;-20.32621;-41.144420000000004