id;data_inversa;dia_semana;horario;br;km;municipio;causa_acidente;tipo_acidente;classificacao_acidente;fase_dia;sentido_via;condicao_metereologica;tipo_pista;tracado_via;uso_solo;pessoas;mortos;feridos_leves;feridos_graves;ilesos;ignorados;feridos;veiculos;latitude;longitude
231558.0;2019-08-28;quarta-feira;18:08:00;101.0;255.0;SERRA;Desobediência às normas de trânsito pelo condutor;Colisão transversal;Com Vítimas Feridas;Anoitecer;Decrescente;Céu Claro;Simples;Interseção de vias;Sim;2;0;1;0;1;0;1;2;-20.11488;-40.31944
239895.0;2019-08-28;quarta-feira;16:30:00;101.0;0.5;SERRA;Desobediência às normas de trânsito pelo condutor;Colisão lateral;Com Vítimas Feridas;Pleno dia;Decrescente;Céu Claro;Dupla;Curva;Sim;2;0;1;0;1;0;1;2;-20.23337;-40.27554
231741.0;2019-08-29;quinta-feira;18:30:00;259.0;86.8;BAIXO GUANDU;Objeto estático sobre o leito carroçável;Colisão traseira;Com Vítimas Fatais;Plena Noite;Decrescente;Céu Claro;Simples;Reta;Não;2;1;0;0;0;1;0;1;-19.512710000000002;-40.88595
232738.0;2019-08-29;quinta-feira;17:30:00;482.0;100.0;GUACUI;Defeito na Via;Queda de ocupante de veículo;Com Vítimas Feridas;Anoitecer;Crescente;Céu Claro;Simples;Curva;Não;1;0;1;0;0;0;1;1;-20.77683;-41.63177
231772.0;2019-08-29;quinta-feira;21:30:00;101.0;176.0;ARACRUZ;Falta de Atenção à Condução;Saída de leito carroçável;Com Vítimas Feridas;Plena Noite;Decrescente;Céu Claro;Simples;Reta;Não;1;0;1;0;0;0;1;1;-19.59524;-40.19835
231749.0;2019-08-29;quinta-feira;19:05:00;101.0;82.7;SAO MATEUS;Ingestão de Álcool;Colisão transversal;Com Vítimas Feridas;Plena Noite;Decrescente;Nublado;Simples;Reta;Não;3;0;2;0;1;0;2;3;-18.836170000000003;-39.917759999999994
243983.0;2019-08-29;quinta-feira;06:50:00;101.0;264.0;SERRA;Falta de Atenção à Condução;Queda de ocupante de veículo;Com Vítimas Feridas;Pleno dia;Crescente;Ignorado;Dupla;Reta;Sim;2;0;1;0;1;0;1;2;-20.17829;-40.26546
231708.0;2019-08-29;quinta-feira;16:25:00;101.0;256.6;SERRA;Falta de Atenção do Pedestre;Atropelamento de Pedestre;Com Vítimas Fatais;Pleno dia;Decrescente;Nublado;Múltipla;Não Informado;Sim;2;1;0;0;1;0;0;1;-20.1228;-40.3055
231707.0;2019-08-29;quinta-feira;16:00:00;101.0;245.5;SERRA;Falta de Atenção à Condução;Tombamento;Com Vítimas Feridas;Pleno dia;Crescente;Sol;Dupla;Desvio Temporário;Não;1;0;1;0;0;0;1;1;-20.05454;-40.3819
231678.0;2019-08-29;quinta-feira;12:20:00;101.0;208.0;JOAO NEIVA;Falta de Atenção à Condução;Saída de leito carroçável;Com Vítimas Feridas;Pleno dia;Decrescente;Céu Claro;Simples;Curva;Não;1;0;1;0;0;0;1;1;-19.7808;-40.37161
231642.0;2019-08-29;quinta-feira;09:50:00;101.0;266.5;SERRA;Não guardar distância de segurança;Colisão traseira;Sem Vítimas;Pleno dia;Crescente;Céu Claro;Múltipla;Reta;Sim;2;0;0;0;2;0;0;2;-20.1902;-40.26829
231619.0;2019-08-29;quinta-feira;08:10:00;101.0;306.0;VIANA;Não guardar distância de segurança;Colisão traseira;Com Vítimas Feridas;Pleno dia;Crescente;Nublado;Dupla;Reta;Não;2;0;1;0;1;0;1;2;-20.39179;-40.46265
231724.0;2019-08-29;quinta-feira;16:30:00;101.0;20.0;PINHEIROS;Defeito na Via;Queda de ocupante de veículo;Com Vítimas Feridas;Pleno dia;Decrescente;Nublado;Simples;Reta;Não;1;0;1;0;0;0;1;1;-18.32561;-39.95844
231877.0;2019-08-30;sexta-feira;09:15:00;262.0;6.0;CARIACICA;Falta de Atenção à Condução;Colisão lateral;Com Vítimas Feridas;Pleno dia;Crescente;Céu Claro;Dupla;Reta;Sim;3;0;1;1;1;0;2;2;-20.34007;-40.39451
231892.0;2019-08-30;sexta-feira;09:40:00;101.0;268.5;SERRA;Restrição de Visibilidade;Atropelamento de Pedestre;Com Vítimas Feridas;Pleno dia;Decrescente;Céu Claro;Simples;Reta;Sim;2;0;0;1;1;0;1;1;-20.20842;-40.2694
231923.0;2019-08-30;sexta-feira;11:30:00;101.0;270.7;SERRA;Desobediência às normas de trânsito pelo condutor;Queda de ocupante de veículo;Com Vítimas Feridas;Pleno dia;Crescente;Céu Claro;Dupla;Reta;Sim;1;0;0;1;0;0;1;1;-20.22662;-40.27075
231930.0;2019-08-30;sexta-feira;11:30:00;101.0;14.4;PEDRO CANARIO;Falta de Atenção à Condução;Tombamento;Com Vítimas Feridas;Pleno dia;Decrescente;Sol;Simples;Curva;Não;2;0;0;2;0;0;2;1;-18.28229;-39.95688
231947.0;2019-08-30;sexta-feira;12:50:00;101.0;270.0;SERRA;Desobediência às normas de trânsito pelo condutor;Colisão traseira;Com Vítimas Feridas;Pleno dia;Decrescente;Céu Claro;Múltipla;Reta;Sim;2;0;1;0;1;0;1;2;-20.22662;-40.27075
231977.0;2019-08-30;sexta-feira;15:00:00;101.0;242.4;SERRA;Falta de Atenção do Pedestre;Atropelamento de Pedestre;Com Vítimas Feridas;Pleno dia;Crescente;Céu Claro;Simples;Reta;Não;2;0;1;1;0;0;2;1;-20.03213;-40.39676
231957.0;2019-08-30;sexta-feira;13:50:00;101.0;135.5;LINHARES;Desobediência às normas de trânsito pelo condutor;Colisão transversal;Com Vítimas Feridas;Pleno dia;Crescente;Céu Claro;Simples;Não Informado;Não;2;0;1;0;1;0;1;2;-19.27504;-40.08788
231984.0;2019-08-30;sexta-feira;15:45:00;101.0;407.9;ITAPEMIRIM;Velocidade Incompatível;Tombamento;Com Vítimas Feridas;Pleno dia;Crescente;Sol;Simples;Curva;Não;1;0;1;0;0;0;1;1;-20.892789999999998;-41.03049
232077.0;2019-08-30;sexta-feira;20:40:00;259.0;56.6;COLATINA;Falta de Atenção à Condução;Colisão traseira;Com Vítimas Feridas;Plena Noite;Crescente;Céu Claro;Simples;Reta;Não;3;0;0;2;1;0;2;2;-19.501279999999998;-40.65265
232090.0;2019-08-30;sexta-feira;21:45:00;101.0;263.0;SERRA;Falta de Atenção à Condução;Queda de ocupante de veículo;Com Vítimas Feridas;Plena Noite;Decrescente;Céu Claro;Dupla;Reta;Sim;1;0;0;1;0;0;1;1;-20.16555;-40.27302
232093.0;2019-08-30;sexta-feira;21:35:00;262.0;5.4;CARIACICA;Falta de Atenção à Condução;Colisão traseira;Sem Vítimas;Plena Noite;Crescente;Céu Claro;Múltipla;Reta;Sim;5;0;0;0;5;0;0;3;-20.337139999999998;-40.391009999999994
232099.0;2019-08-30;sexta-feira;22:00:00;262.0;134.2;BREJETUBA;Velocidade Incompatível;Tombamento;Com Vítimas Feridas;Plena Noite;Decrescente;Céu Claro;Simples;Curva;Não;1;0;0;1;0;0;1;1;-20.240289999999998;-41.325390000000006
232113.0;2019-08-30;sexta-feira;23:40:00;101.0;213.6;IBIRACU;Falta de Atenção à Condução;Colisão com objeto estático;Com Vítimas Feridas;Plena Noite;Crescente;Céu Claro;Múltipla;Rotatória;Sim;2;0;1;1;0;0;2;1;-19.82846;-40.368359999999996
232114.0;2019-08-30;sexta-feira;23:50:00;262.0;116.7;CONCEICAO DO CASTELO;Velocidade Incompatível;Colisão com objeto estático;Com Vítimas Feridas;Plena Noite;Decrescente;Céu Claro;Simples;Curva;Não;2;0;0;2;0;0;2;1;-20.317629999999998;-41.22741
232337.0;2019-08-31;sábado;21:10:00;262.0;45.0;MARECHAL FLORIANO;Desobediência às normas de trânsito pelo condutor;Colisão lateral;Com Vítimas Feridas;Plena Noite;Crescente;Céu Claro;Simples;Não Informado;Sim;2;0;1;0;1;0;1;2;-20.4113;-40.67927
232304.0;2019-08-31;sábado;19:15:00;262.0;159.4;IBATIBA;Falta de Atenção à Condução;Atropelamento de Pedestre;Com Vítimas Feridas;Plena Noite;Decrescente;Céu Claro;Simples;Rotatória;Sim;2;0;1;0;0;1;1;1;-20.233620000000002;-41.50533
232247.0;2019-08-31;sábado;14:25:00;262.0;34.0;DOMINGOS MARTINS;Falta de Atenção à Condução;Colisão transversal;Com Vítimas Feridas;Pleno dia;Crescente;Céu Claro;Simples;Curva;Não;2;0;1;0;1;0;1;2;-20.3731;-40.59176
232130.0;2019-08-31;sábado;01:18:00;101.0;221.0;IBIRACU;Falta de Atenção à Condução;Saída de leito carroçável;Com Vítimas Feridas;Plena Noite;Decrescente;Céu Claro;Simples;Reta;Não;2;0;1;0;1;0;1;1;-19.86696;-40.40056
232205.0;2019-08-31;sábado;10:20:00;101.0;405.8;ITAPEMIRIM;Velocidade Incompatível;Tombamento;Com Vítimas Feridas;Pleno dia;Crescente;Céu Claro;Simples;Curva;Não;1;0;1;0;0;0;1;1;-20.90046;-41.015
232176.0;2019-08-31;sábado;08:55:00;101.0;148.0;LINHARES;Desobediência às normas de trânsito pelo condutor;Colisão transversal;Com Vítimas Feridas;Pleno dia;Crescente;Céu Claro;Dupla;Interseção de vias;Sim;3;0;1;0;1;1;1;2;-19.39975;-40.062459999999994
235117.0;2019-08-31;sábado;12:20:00;262.0;2.4;CARIACICA;Falta de Atenção do Pedestre;Atropelamento de Pedestre;Com Vítimas Feridas;Pleno dia;Crescente;Céu Claro;Dupla;Curva;Sim;2;0;0;2;0;0;2;1;-20.33127;-40.36428
232230.0;2019-08-31;sábado;13:00:00;262.0;100.9;VENDA NOVA DO IMIGRANTE;Ultrapassagem Indevida;Colisão frontal;Com Vítimas Feridas;Pleno dia;Crescente;Céu Claro;Simples;Curva;Não;2;0;0;1;1;0;1;2;-20.344;-41.10818
232364.0;2019-08-31;sábado;23:25:00;101.0;255.0;SERRA;Falta de Atenção à Condução;Colisão transversal;Com Vítimas Feridas;Plena Noite;Crescente;Ignorado;Simples;Não Informado;Sim;2;0;1;0;1;0;1;2;-20.11861;-40.31222
232624.0;2019-09-01;domingo;23:30:00;101.0;255.4;SERRA;Falta de Atenção à Condução;Queda de ocupante de veículo;Com Vítimas Feridas;Plena Noite;Crescente;Céu Claro;Simples;Interseção de vias;Sim;1;0;0;1;0;0;1;1;-20.11488;-40.31944
232615.0;2019-09-01;domingo;21:01:00;101.0;140.0;LINHARES;Falta de Atenção à Condução;Tombamento;Com Vítimas Feridas;Plena Noite;Decrescente;Céu Claro;Dupla;Reta;Sim;3;0;2;1;0;0;3;1;-19.318170000000002;-40.075520000000004
232368.0;2019-09-01;domingo;00:15:00;101.0;131.0;LINHARES;Deficiência ou não Acionamento do Sistema de Iluminação/Sinalização do Veículo;Colisão lateral;Com Vítimas Feridas;Plena Noite;Crescente;Céu Claro;Simples;Desvio Temporário;Não;3;0;2;0;1;0;2;2;-19.238970000000002;-40.09171
232560.0;2019-09-01;domingo;18:25:00;101.0;160.0;LINHARES;Falta de Atenção à Condução;Colisão transversal;Com Vítimas Feridas;Plena Noite;Crescente;Céu Claro;Simples;Interseção de vias;Sim;2;0;0;1;1;0;1;2;-19.47663;-40.11403
232564.0;2019-09-01;domingo;18:00:00;259.0;19.0;JOAO NEIVA;Falta de Atenção à Condução;Colisão traseira;Sem Vítimas;Anoitecer;Crescente;Céu Claro;Simples;Reta;Não;2;0;0;0;2;0;0;2;-19.66056;-40.45632
232592.0;2019-09-01;domingo;19:30:00;259.0;57.5;COLATINA;Falta de Atenção à Condução;Colisão transversal;Com Vítimas Feridas;Plena Noite;Decrescente;Céu Claro;Simples;Rotatória;Sim;3;0;0;1;2;0;1;2;-19.51397;-40.6595
232606.0;2019-09-01;domingo;21:20:00;101.0;117.0;SOORETAMA;Falta de Atenção à Condução;Colisão transversal;Com Vítimas Feridas;Plena Noite;Crescente;Céu Claro;Simples;Reta;Não;2;0;0;1;1;0;1;2;-19.119329999999998;-40.06303
232608.0;2019-09-01;domingo;21:30:00;262.0;4.7;CARIACICA;Desobediência às normas de trânsito pelo condutor;Colisão transversal;Com Vítimas Feridas;Plena Noite;Decrescente;Céu Claro;Múltipla;Interseção de vias;Sim;2;0;0;1;1;0;1;2;-20.33819;-40.38498
232860.0;2019-09-02;segunda-feira;22:00:00;393.0;1.8;CACHOEIRO DE ITAPEMIRIM;Falta de Atenção à Condução;Colisão lateral;Com Vítimas Feridas;Plena Noite;Crescente;Céu Claro;Simples;Reta;Sim;3;0;2;0;1;0;2;2;-20.837229999999998;-41.16733
232838.0;2019-09-02;segunda-feira;11:55:00;101.0;147.3;LINHARES;Falta de Atenção à Condução;Colisão traseira;Com Vítimas Feridas;Pleno dia;Crescente;Céu Claro;Dupla;Reta;Sim;2;0;1;1;0;0;2;1;-19.378870000000003;-40.06658
232742.0;2019-09-02;segunda-feira;10:15:00;101.0;291.0;CARIACICA;Desobediência às normas de trânsito pelo condutor;Colisão traseira;Com Vítimas Feridas;Pleno dia;Crescente;Sol;Dupla;Reta;Sim;2;0;1;0;1;0;1;2;-20.29425;-40.39317
232698.0;2019-09-02;segunda-feira;06:58:00;262.0;43.7;MARECHAL FLORIANO;Falta de Atenção à Condução;Colisão traseira;Sem Vítimas;Pleno dia;Decrescente;Sol;Simples;Reta;Sim;2;0;0;0;2;0;0;2;-20.38448;-40.66252
238232.0;2019-09-02;segunda-feira;11:55:00;101.0;298.6;VIANA;Falta de Atenção à Condução;Colisão lateral;Com Vítimas Feridas;Pleno dia;Decrescente;Céu Claro;Simples;Reta;Sim;2;0;1;0;0;1;1;2;-20.35374;-40.41564
232650.0;2019-09-02;segunda-feira;05:00:00;101.0;269.0;SERRA;Desobediência às normas de trânsito pelo condutor;Colisão transversal;Com Vítimas Feridas;Amanhecer;Crescente;Céu Claro;Dupla;Interseção de vias;Sim;3;0;0;1;1;1;1;2;-20.2174;-40.269909999999996
232903.0;2019-09-03;terça-feira;07:50:00;262.0;3.0;CARIACICA;Desobediência às normas de trânsito pelo condutor;Colisão transversal;Com Vítimas Feridas;Pleno dia;Crescente;Céu Claro;Dupla;Reta;Sim;3;0;1;1;1;0;2;3;-20.33374;-40.36911
232896.0;2019-09-03;terça-feira;08:00:00;262.0;64.5;MARECHAL FLORIANO;Velocidade Incompatível;Tombamento;Sem Vítimas;Plena Noite;Crescente;Céu Claro;Simples;Curva;Não;1;0;0;0;1;0;0;1;-20.41797;-40.816179999999996
232876.0;2019-09-03;terça-feira;02:55:00;101.0;142.6;LINHARES;Velocidade Incompatível;Tombamento;Com Vítimas Feridas;Plena Noite;Crescente;Céu Claro;Dupla;Reta;Sim;1;0;1;0;0;0;1;1;-19.33459;-40.06755
232969.0;2019-09-03;terça-feira;15:20:00;101.0;252.9;SERRA;Falta de Atenção à Condução;Saída de leito carroçável;Com Vítimas Feridas;Pleno dia;Decrescente;Céu Claro;Simples;Reta;Sim;2;0;2;0;0;0;2;1;-20.09618;-40.33951
232929.0;2019-09-03;terça-feira;09:11:00;101.0;299.6;VIANA;Falta de Atenção à Condução;Colisão lateral;Com Vítimas Feridas;Pleno dia;Crescente;Céu Claro;Múltipla;Reta;Sim;3;0;1;0;1;1;1;2;-20.35742;-40.427279999999996
232996.0;2019-09-03;terça-feira;17:15:00;101.0;143.9;LINHARES;Falta de Atenção à Condução;Colisão traseira;Com Vítimas Feridas;Anoitecer;Crescente;Céu Claro;Simples;Reta;Não;2;0;0;2;0;0;2;2;-19.34287;-40.06386
232873.0;2019-09-03;terça-feira;01:10:00;262.0;26.0;VIANA;Falta de Atenção à Condução;Tombamento;Sem Vítimas;Plena Noite;Crescente;Nublado;Simples;Curva;Não;1;0;0;0;1;0;0;1;-20.38042;-40.54403
233050.0;2019-09-03;terça-feira;22:00:00;101.0;148.8;LINHARES;Desobediência às normas de trânsito pelo condutor;Colisão transversal;Com Vítimas Feridas;Plena Noite;Decrescente;Céu Claro;Dupla;Reta;Sim;2;0;1;0;1;0;1;2;-19.394679999999997;-40.06524
232922.0;2019-09-03;terça-feira;09:00:00;101.0;270.0;SERRA;Desobediência às normas de trânsito pelo condutor;Engavetamento;Sem Vítimas;Pleno dia;Crescente;Sol;Múltipla;Reta;Sim;4;0;0;0;4;0;0;4;-20.2174;-40.269909999999996
241876.0;2019-09-03;terça-feira;21:00:00;259.0;96.5;BAIXO GUANDU;Falta de Atenção à Condução;Colisão lateral;Com Vítimas Feridas;Plena Noite;Crescente;Ignorado;Simples;Reta;Não;2;0;0;1;1;0;1;2;-19.50432;-40.93987
233022.0;2019-09-03;terça-feira;20:15:00;101.0;147.1;LINHARES;Falta de Atenção à Condução;Colisão transversal;Com Vítimas Feridas;Plena Noite;Crescente;Céu Claro;Múltipla;Interseção de vias;Sim;3;0;2;0;1;0;2;2;-19.37937;-40.06661
233125.0;2019-09-04;quarta-feira;13:00:00;101.0;292.2;CARIACICA;Desobediência às normas de trânsito pelo condutor;Colisão lateral;Com Vítimas Feridas;Pleno dia;Crescente;Sol;Dupla;Reta;Sim;2;0;0;1;0;1;1;2;-20.3102;-40.39506
233172.0;2019-09-04;quarta-feira;18:30:00;101.0;1.0;SERRA;Falta de Atenção à Condução;Colisão traseira;Com Vítimas Feridas;Plena Noite;Decrescente;Céu Claro;Dupla;Reta;Sim;2;0;0;1;1;0;1;2;-20.110039999999998;-40.3274
233073.0;2019-09-04;quarta-feira;07:21:00;262.0;1.1;CARIACICA;Falta de Atenção à Condução;Colisão lateral;Com Vítimas Fatais;Pleno dia;Decrescente;Céu Claro;Dupla;Reta;Sim;2;1;0;0;0;1;0;2;-20.32955;-40.354929999999996
233178.0;2019-09-04;quarta-feira;18:00:00;259.0;63.9;COLATINA;Falta de Atenção à Condução;Colisão traseira;Com Vítimas Feridas;Plena Noite;Crescente;Céu Claro;Simples;Reta;Não;2;0;1;0;0;1;1;2;-19.52753;-40.6987
233173.0;2019-09-04;quarta-feira;18:00:00;101.0;377.0;ICONHA;Defeito Mecânico no Veículo;Tombamento;Com Vítimas Feridas;Plena Noite;Crescente;Céu Claro;Dupla;Curva;Não;1;0;0;1;0;0;1;1;-20.80585;-40.79262
233314.0;2019-09-05;quinta-feira;12:55:00;101.0;66.0;SAO MATEUS;Não guardar distância de segurança;Tombamento;Com Vítimas Feridas;Pleno dia;Crescente;Céu Claro;Simples;Reta;Sim;1;0;1;0;0;0;1;1;-18.716520000000003;-39.874359999999996
233326.0;2019-09-05;quinta-feira;14:40:00;262.0;78.6;DOMINGOS MARTINS;Falta de Atenção à Condução;Saída de leito carroçável;Com Vítimas Feridas;Pleno dia;Crescente;Chuva;Simples;Curva;Não;1;0;1;0;0;0;1;1;-20.41116;-40.92351
233258.0;2019-09-05;quinta-feira;07:00:00;101.0;367.0;ANCHIETA;Pista Escorregadia;Colisão com objeto estático;Com Vítimas Feridas;Pleno dia;Crescente;Chuva;Simples;Reta;Não;3;0;2;0;1;0;2;1;-20.74481;-40.76021
233359.0;2019-09-05;quinta-feira;18:00:00;101.0;360.9;ANCHIETA;Falta de Atenção à Condução;Colisão traseira;Com Vítimas Feridas;Anoitecer;Crescente;Chuva;Simples;Reta;Não;4;0;1;0;3;0;1;3;-20.70436;-40.71735
233413.0;2019-09-05;quinta-feira;22:00:00;101.0;243.8;SERRA;Falta de Atenção do Pedestre;Atropelamento de Pedestre;Com Vítimas Fatais;Plena Noite;Crescente;Chuva;Simples;Reta;Não;2;1;0;0;1;0;0;1;-20.04008;-40.39274
245508.0;2019-09-05;quinta-feira;14:00:00;262.0;77.0;MARECHAL FLORIANO;Falta de Atenção à Condução;Saída de leito carroçável;Com Vítimas Feridas;Pleno dia;Decrescente;Chuva;Simples;Curva;Não;1;0;1;0;0;0;1;1;-20.41253;-40.92442
233294.0;2019-09-05;quinta-feira;12:30:00;101.0;114.9;SOORETAMA;Não guardar distância de segurança;Colisão traseira;Com Vítimas Feridas;Pleno dia;Decrescente;Nublado;Simples;Não Informado;Não;2;0;1;0;1;0;1;2;-19.09485;-40.050959999999996
233535.0;2019-09-06;sexta-feira;13:55:00;101.0;14.7;PEDRO CANARIO;Falta de Atenção à Condução;Colisão com objeto estático;Com Vítimas Feridas;Pleno dia;Decrescente;Nublado;Dupla;Reta;Não;1;0;1;0;0;0;1;1;-18.28229;-39.95688
233459.0;2019-09-06;sexta-feira;07:15:00;262.0;35.0;DOMINGOS MARTINS;Desobediência às normas de trânsito pelo condutor;Colisão lateral;Sem Vítimas;Pleno dia;Crescente;Chuva;Simples;Curva;Não;3;0;0;0;3;0;0;3;-20.37695;-40.59432
233556.0;2019-09-06;sexta-feira;15:20:00;101.0;147.9;LINHARES;Mal Súbito;Colisão traseira;Com Vítimas Feridas;Plena Noite;Crescente;Nublado;Dupla;Reta;Sim;2;0;1;0;1;0;1;2;-19.378870000000003;-40.06658
233543.0;2019-09-06;sexta-feira;13:40:00;262.0;2.2;CARIACICA;Desobediência às normas de trânsito pelo condutor;Colisão transversal;Sem Vítimas;Pleno dia;Crescente;Garoa/Chuvisco;Múltipla;Interseção de vias;Sim;2;0;0;0;2;0;0;2;-20.33276;-40.36078
233513.0;2019-09-06;sexta-feira;11:30:00;101.0;142.0;LINHARES;Falta de Atenção à Condução;Colisão transversal;Com Vítimas Feridas;Pleno dia;Decrescente;Garoa/Chuvisco;Múltipla;Reta;Sim;2;0;1;0;1;0;1;2;-19.33459;-40.06755
233602.0;2019-09-06;sexta-feira;17:40:00;101.0;266.9;SERRA;Defeito Mecânico no Veículo;Incêndio;Sem Vítimas;Anoitecer;Decrescente;Garoa/Chuvisco;Dupla;Reta;Sim;1;0;0;0;1;0;0;1;-20.19889;-40.268570000000004
233615.0;2019-09-06;sexta-feira;18:15:00;262.0;55.4;MARECHAL FLORIANO;Falta de Atenção à Condução;Colisão frontal;Com Vítimas Feridas;Plena Noite;Crescente;Chuva;Simples;Curva;Não;4;0;1;0;3;0;1;4;-20.41077;-40.74895
233647.0;2019-09-06;sexta-feira;18:20:00;262.0;171.0;IBATIBA;Falta de Atenção à Condução;Colisão traseira;Com Vítimas Feridas;Plena Noite;Decrescente;Céu Claro;Simples;Reta;Não;2;0;0;1;1;0;1;2;-20.26434;-41.5934
233678.0;2019-09-06;sexta-feira;22:15:00;262.0;35.0;DOMINGOS MARTINS;Desobediência às normas de trânsito pelo condutor;Colisão frontal;Com Vítimas Fatais;Plena Noite;Crescente;Chuva;Simples;Curva;Não;2;1;0;0;1;0;0;2;-20.380020000000002;-40.59517
233680.0;2019-09-06;sexta-feira;22:05:00;101.0;174.0;ARACRUZ;Falta de Atenção do Pedestre;Atropelamento de Pedestre;Com Vítimas Fatais;Plena Noite;Crescente;Garoa/Chuvisco;Simples;Reta;Sim;3;1;0;0;2;0;0;1;-19.580470000000002;-40.18782
233438.0;2019-09-06;sexta-feira;01:50:00;259.0;25.0;JOAO NEIVA;Falta de Atenção à Condução;Saída de leito carroçável;Com Vítimas Feridas;Plena Noite;Decrescente;Chuva;Simples;Curva;Não;1;0;0;1;0;0;1;1;-19.63676;-40.463440000000006
233732.0;2019-09-07;sábado;03:30:00;101.0;79.0;SAO MATEUS;Falta de Atenção à Condução;Colisão com objeto estático;Com Vítimas Feridas;Plena Noite;Crescente;Chuva;Simples;Ponte;Não;1;0;1;0;0;0;1;1;-18.81418;-39.90122
233835.0;2019-09-07;sábado;13:15:00;262.0;6.0;CARIACICA;Falta de Atenção à Condução;Colisão transversal;Com Vítimas Feridas;Pleno dia;Crescente;Céu Claro;Dupla;Reta;Sim;2;0;1;0;1;0;1;2;-20.34007;-40.39451
233890.0;2019-09-07;sábado;19:30:00;101.0;147.1;LINHARES;Falta de Atenção à Condução;Colisão transversal;Com Vítimas Feridas;Plena Noite;Crescente;Nublado;Simples;Interseção de vias;Sim;2;0;1;1;0;0;2;2;-19.378870000000003;-40.06658
233821.0;2019-09-07;sábado;11:15:00;101.0;178.9;ARACRUZ;Ultrapassagem Indevida;Saída de leito carroçável;Com Vítimas Feridas;Pleno dia;Decrescente;Sol;Simples;Curva;Não;3;0;1;0;2;0;1;1;-19.610329999999998;-40.20858
233769.0;2019-09-07;sábado;06:30:00;101.0;49.0;SAO MATEUS;Defeito Mecânico no Veículo;Danos eventuais;Sem Vítimas;Amanhecer;Crescente;Chuva;Simples;Reta;Não;1;0;0;0;1;0;0;1;-18.57725;-39.89496
233737.0;2019-09-07;sábado;03:50:00;482.0;93.0;ALEGRE;Desobediência às normas de trânsito pelo condutor;Queda de ocupante de veículo;Com Vítimas Feridas;Plena Noite;Crescente;Chuva;Simples;Reta;Não;1;0;1;0;0;0;1;1;-20.75715;-41.57895
233853.0;2019-09-07;sábado;14:00:00;393.0;0.1;CACHOEIRO DE ITAPEMIRIM;Falta de Atenção à Condução;Colisão traseira;Sem Vítimas;Pleno dia;Crescente;Nublado;Simples;Reta;Sim;2;0;0;0;2;0;0;2;-20.84132;-41.159290000000006
233743.0;2019-09-07;sábado;05:30:00;101.0;313.6;VILA VELHA;Condutor Dormindo;Colisão frontal;Com Vítimas Fatais;Amanhecer;Crescente;Chuva;Simples;Reta;Não;2;1;0;0;1;0;0;2;-20.45266;-40.46228
234064.0;2019-09-08;domingo;11:30:00;101.0;282.0;CARIACICA;Falta de Atenção à Condução;Saída de leito carroçável;Com Vítimas Feridas;Pleno dia;Crescente;Céu Claro;Dupla;Curva;Não;1;0;1;0;0;0;1;1;-20.22689;-40.36466
234089.0;2019-09-08;domingo;13:55:00;259.0;57.6;COLATINA;Desobediência às normas de trânsito pelo condutor;Colisão transversal;Com Vítimas Feridas;Pleno dia;Crescente;Sol;Simples;Reta;Sim;3;0;1;0;1;1;1;2;-19.50866;-40.655809999999995
234152.0;2019-09-08;domingo;18:30:00;101.0;205.0;JOAO NEIVA;Falta de Atenção do Pedestre;Atropelamento de Pedestre;Com Vítimas Feridas;Plena Noite;Crescente;Céu Claro;Dupla;Reta;Sim;2;0;0;1;0;1;1;1;-19.758229999999998;-40.3795