id;data_inversa;dia_semana;horario;br;km;municipio;causa_acidente;tipo_acidente;classificacao_acidente;fase_dia;sentido_via;condicao_metereologica;tipo_pista;tracado_via;uso_solo;pessoas;mortos;feridos_leves;feridos_graves;ilesos;ignorados;feridos;veiculos;latitude;longitude
251108.0;2019-09-08;domingo;11:20:00;262.0;67.0;MARECHAL FLORIANO;Velocidade Incompatível;Colisão com objeto estático;Com Vítimas Feridas;Pleno dia;Decrescente;Céu Claro;Simples;Curva;Não;1;0;0;1;0;0;1;1;-20.41527;-40.845490000000005
234166.0;2019-09-08;domingo;19:50:00;101.0;432.3;ATILIO VIVACQUA;Velocidade Incompatível;Saída de leito carroçável;Com Vítimas Feridas;Plena Noite;Crescente;Céu Claro;Simples;Curva;Não;1;0;0;1;0;0;1;1;-21.03366;-41.18125
239398.0;2019-09-08;domingo;04:50:00;101.0;6.0;ICONHA;Ingestão de Álcool;Queda de ocupante de veículo;Com Vítimas Feridas;Amanhecer;Decrescente;Céu Claro;Dupla;Curva;Não;1;0;0;1;0;0;1;1;-20.80464;-40.83034
245235.0;2019-09-08;domingo;16:00:00;101.0;266.7;SERRA;Desobediência às normas de trânsito pelo condutor;Colisão lateral;Com Vítimas Fatais;Pleno dia;Decrescente;Sol;Dupla;Interseção de vias;Sim;3;1;0;0;1;1;0;2;-20.1902;-40.26829
234252.0;2019-09-09;segunda-feira;05:50:00;101.0;117.0;SOORETAMA;Falta de Atenção à Condução;Queda de ocupante de veículo;Com Vítimas Feridas;Amanhecer;Decrescente;Céu Claro;Simples;Reta;Não;1;0;1;0;0;0;1;1;-19.119329999999998;-40.06303
234253.0;2019-09-09;segunda-feira;06:05:00;101.0;305.1;VIANA;Desobediência às normas de trânsito pelo condutor;Colisão transversal;Com Vítimas Feridas;Amanhecer;Crescente;Céu Claro;Simples;Reta;Não;3;0;1;0;2;0;1;2;-20.38392;-40.46125
234356.0;2019-09-09;segunda-feira;16:30:00;101.0;67.6;SAO MATEUS;Falta de Atenção à Condução;Colisão transversal;Com Vítimas Feridas;Pleno dia;Crescente;Céu Claro;Simples;Curva;Sim;2;0;1;0;1;0;1;2;-18.72054;-39.86589
234435.0;2019-09-09;segunda-feira;22:15:00;101.0;158.0;LINHARES;Deficiência ou não Acionamento do Sistema de Iluminação/Sinalização do Veículo;Saída de leito carroçável;Com Vítimas Feridas;Plena Noite;Crescente;Céu Claro;Simples;Reta;Não;1;0;1;0;0;0;1;1;-19.46095;-40.10491
234437.0;2019-09-09;segunda-feira;22:30:00;101.0;272.0;SERRA;Defeito Mecânico no Veículo;Incêndio;Sem Vítimas;Plena Noite;Crescente;Céu Claro;Múltipla;Reta;Não;1;0;0;0;1;0;0;1;-20.22687;-40.28453
234237.0;2019-09-09;segunda-feira;01:15:00;101.0;386.4;RIO NOVO DO SUL;Condutor Dormindo;Saída de leito carroçável;Com Vítimas Feridas;Plena Noite;Crescente;Céu Claro;Simples;Curva;Não;1;0;0;1;0;0;1;1;-20.84291;-40.87422
234461.0;2019-09-10;terça-feira;05:50:00;101.0;175.2;ARACRUZ;Desobediência às normas de trânsito pelo condutor;Colisão frontal;Com Vítimas Fatais;Amanhecer;Crescente;Céu Claro;Simples;Reta;Não;2;1;0;0;0;1;0;2;-19.58855;-40.19197
234541.0;2019-09-10;terça-feira;16:05:00;101.0;269.0;SERRA;Defeito Mecânico no Veículo;Queda de ocupante de veículo;Com Vítimas Feridas;Pleno dia;Crescente;Céu Claro;Dupla;Reta;Sim;2;0;0;2;0;0;2;1;-20.2174;-40.269909999999996
234606.0;2019-09-10;terça-feira;21:00:00;101.0;214.0;IBIRACU;Falta de Atenção do Pedestre;Atropelamento de Pedestre;Com Vítimas Feridas;Plena Noite;Crescente;Céu Claro;Simples;Reta;Sim;2;0;1;0;1;0;1;1;-19.82999;-40.37211
234576.0;2019-09-10;terça-feira;19:10:00;101.0;293.0;CARIACICA;Defeito na Via;Queda de ocupante de veículo;Com Vítimas Feridas;Plena Noite;Crescente;Céu Claro;Dupla;Interseção de vias;Sim;1;0;1;0;0;0;1;1;-20.315260000000002;-40.39567
234632.0;2019-09-11;quarta-feira;02:20:00;262.0;3.8;CARIACICA;Condutor Dormindo;Capotamento;Sem Vítimas;Plena Noite;Crescente;Nublado;Múltipla;Interseção de vias;Sim;1;0;0;0;1;0;0;1;-20.33549;-40.37547
234816.0;2019-09-11;quarta-feira;23:00:00;262.0;1.0;VITORIA;Falta de Atenção à Condução;Colisão lateral;Com Vítimas Feridas;Plena Noite;Crescente;Céu Claro;Simples;Reta;Não;4;0;2;0;1;1;2;2;-20.32955;-40.354929999999996
234809.0;2019-09-11;quarta-feira;22:25:00;101.0;264.5;SERRA;Desobediência às normas de trânsito pelo condutor;Colisão transversal;Com Vítimas Feridas;Plena Noite;Decrescente;Céu Claro;Múltipla;Reta;Sim;3;0;1;0;2;0;1;2;-20.17866;-40.2654
234763.0;2019-09-11;quarta-feira;18:30:00;482.0;62.0;JERONIMO MONTEIRO;Desobediência às normas de trânsito pelo condutor;Colisão frontal;Com Vítimas Feridas;Anoitecer;Decrescente;Céu Claro;Simples;Reta;Sim;4;0;1;3;0;0;4;2;-20.79349;-41.3791
234738.0;2019-09-11;quarta-feira;15:00:00;262.0;172.0;IRUPI;Falta de Atenção à Condução;Tombamento;Com Vítimas Feridas;Pleno dia;Crescente;Sol;Simples;Reta;Não;3;0;2;0;1;0;2;2;-20.26659;-41.60261
234729.0;2019-09-11;quarta-feira;15:25:00;101.0;148.1;LINHARES;Desobediência às normas de trânsito pelo pedestre;Atropelamento de Pedestre;Com Vítimas Feridas;Pleno dia;Decrescente;Sol;Simples;Curva;Sim;2;0;0;1;1;0;1;1;-19.38787;-40.06753
234658.0;2019-09-11;quarta-feira;07:40:00;101.0;181.0;ARACRUZ;Desobediência às normas de trânsito pelo condutor;Colisão com objeto estático;Com Vítimas Feridas;Pleno dia;Crescente;Céu Claro;Simples;Reta;Não;1;0;1;0;0;0;1;1;-19.63125;-40.22615
234638.0;2019-09-11;quarta-feira;05:00:00;101.0;423.0;ATILIO VIVACQUA;Condutor Dormindo;Saída de leito carroçável;Com Vítimas Feridas;Amanhecer;Decrescente;Nublado;Simples;Curva;Não;1;0;1;0;0;0;1;1;-20.98875;-41.11847
242331.0;2019-09-11;quarta-feira;17:00:00;262.0;6.0;CARIACICA;Falta de Atenção à Condução;Colisão traseira;Sem Vítimas;Anoitecer;Decrescente;Nublado;Dupla;Reta;Sim;2;0;0;0;0;2;0;2;-20.34007;-40.39451
234940.0;2019-09-12;quinta-feira;16:40:00;101.0;67.0;SAO MATEUS;Falta de Atenção à Condução;Colisão lateral;Com Vítimas Feridas;Pleno dia;Decrescente;Céu Claro;Múltipla;Reta;Sim;2;0;1;0;1;0;1;2;-18.72054;-39.86589
234856.0;2019-09-12;quinta-feira;09:15:00;101.0;2.0;SERRA;Falta de Atenção à Condução;Colisão traseira;Com Vítimas Feridas;Pleno dia;Crescente;Sol;Dupla;Reta;Sim;2;0;1;0;0;1;1;2;-20.129089999999998;-40.30812
234920.0;2019-09-12;quinta-feira;14:50:00;101.0;295.8;CARIACICA;Falta de Atenção à Condução;Colisão traseira;Sem Vítimas;Pleno dia;Crescente;Céu Claro;Dupla;Reta;Sim;3;0;0;0;3;0;0;2;-20.33224;-40.40005
234923.0;2019-09-12;quinta-feira;15:00:00;262.0;103.9;VENDA NOVA DO IMIGRANTE;Ingestão de Álcool;Colisão traseira;Sem Vítimas;Pleno dia;Crescente;Céu Claro;Simples;Reta;Sim;2;0;0;0;2;0;0;2;-20.33343;-41.12908
235011.0;2019-09-12;quinta-feira;23:45:00;101.0;131.0;LINHARES;Falta de Atenção à Condução;Saída de leito carroçável;Com Vítimas Feridas;Pleno dia;Crescente;Céu Claro;Dupla;Não Informado;Não;1;0;1;0;0;0;1;1;-19.238970000000002;-40.09171
234949.0;2019-09-12;quinta-feira;18:10:00;101.0;125.0;SOORETAMA;Desobediência às normas de trânsito pelo condutor;Colisão frontal;Com Vítimas Fatais;Plena Noite;Decrescente;Céu Claro;Simples;Reta;Não;2;1;0;0;1;0;0;2;-19.186120000000003;-40.09445
235005.0;2019-09-12;quinta-feira;22:00:00;262.0;5.8;CARIACICA;Desobediência às normas de trânsito pelo condutor;Colisão transversal;Com Vítimas Feridas;Pleno dia;Decrescente;Céu Claro;Dupla;Reta;Sim;3;0;0;1;1;1;1;2;-20.33841;-40.39205
234835.0;2019-09-12;quinta-feira;04:20:00;101.0;163.9;LINHARES;Condutor Dormindo;Tombamento;Com Vítimas Feridas;Amanhecer;Crescente;Nublado;Simples;Reta;Não;1;0;0;1;0;0;1;1;-19.50507;-40.133959999999995
234960.0;2019-09-12;quinta-feira;18:50:00;101.0;265.9;SERRA;Animais na Pista;Saída de leito carroçável;Com Vítimas Feridas;Plena Noite;Crescente;Nublado;Múltipla;Reta;Sim;2;0;1;0;1;0;1;1;-20.19171;-40.26856
234953.0;2019-09-12;quinta-feira;18:20:00;101.0;135.5;LINHARES;Falta de Atenção do Pedestre;Atropelamento de Pedestre;Com Vítimas Feridas;Anoitecer;Crescente;Céu Claro;Simples;Reta;Não;2;0;0;2;0;0;2;1;-19.27504;-40.08788
235148.0;2019-09-13;sexta-feira;16:20:00;101.0;292.0;CARIACICA;Sinalização da via insuficiente ou inadequada;Colisão lateral;Com Vítimas Feridas;Pleno dia;Decrescente;Céu Claro;Múltipla;Interseção de vias;Sim;2;0;0;1;1;0;1;2;-20.30651;-40.394890000000004
235158.0;2019-09-13;sexta-feira;17:15:00;101.0;253.3;SERRA;Falta de Atenção do Pedestre;Atropelamento de Pedestre;Com Vítimas Fatais;Pleno dia;Decrescente;Céu Claro;Simples;Reta;Não;2;1;0;0;1;0;0;1;-20.10337;-40.33384
235193.0;2019-09-13;sexta-feira;18:50:00;101.0;269.0;SERRA;Falta de Atenção à Condução;Colisão lateral;Com Vítimas Feridas;Plena Noite;Crescente;Céu Claro;Múltipla;Reta;Sim;3;0;2;0;1;0;2;2;-20.2174;-40.269909999999996
235218.0;2019-09-13;sexta-feira;21:00:00;101.0;141.7;LINHARES;Falta de Atenção à Condução;Colisão traseira;Com Vítimas Feridas;Plena Noite;Decrescente;Céu Claro;Simples;Interseção de vias;Não;3;0;1;1;0;1;2;2;-19.33209;-40.06882
251814.0;2019-09-13;sexta-feira;06:40:00;101.0;268.0;SERRA;Falta de Atenção à Condução;Tombamento;Com Vítimas Feridas;Pleno dia;Crescente;Céu Claro;Dupla;Reta;Sim;1;0;0;1;0;0;1;1;-20.21115;-40.26976
235415.0;2019-09-14;sábado;20:40:00;101.0;294.0;CARIACICA;Ingestão de Álcool;Colisão lateral;Com Vítimas Feridas;Plena Noite;Crescente;Céu Claro;Dupla;Não Informado;Não;2;0;1;0;1;0;1;2;-20.32422;-40.39512
235391.0;2019-09-14;sábado;17:10:00;101.0;188.0;ARACRUZ;Carga excessiva e/ou mal acondicionada;Tombamento;Sem Vítimas;Anoitecer;Crescente;Céu Claro;Simples;Curva;Não;1;0;0;0;1;0;0;1;-19.67569;-40.263690000000004
251115.0;2019-09-14;sábado;19:27:00;101.0;1.3;CARIACICA;Falta de Atenção à Condução;Tombamento;Com Vítimas Feridas;Plena Noite;Crescente;Nublado;Dupla;Reta;Sim;1;0;0;1;0;0;1;1;-20.33181;-40.35512
235388.0;2019-09-14;sábado;18:30:00;101.0;334.0;GUARAPARI;Falta de Atenção à Condução;Colisão traseira;Com Vítimas Feridas;Plena Noite;Crescente;Céu Claro;Simples;Reta;Não;2;0;1;0;1;0;1;2;-20.62138;-40.520109999999995
235381.0;2019-09-14;sábado;17:33:00;101.0;270.0;SERRA;Falta de Atenção à Condução;Colisão transversal;Com Vítimas Feridas;Anoitecer;Crescente;Céu Claro;Múltipla;Reta;Sim;2;0;0;1;0;1;1;2;-20.22662;-40.27075
235396.0;2019-09-14;sábado;19:05:00;101.0;146.0;LINHARES;Desobediência às normas de trânsito pelo condutor;Colisão transversal;Com Vítimas Feridas;Plena Noite;Decrescente;Céu Claro;Simples;Não Informado;Não;3;0;2;0;1;0;2;2;-19.36991;-40.06561
235366.0;2019-09-14;sábado;16:30:00;101.0;265.1;SERRA;Condutor Dormindo;Colisão com objeto estático;Com Vítimas Feridas;Pleno dia;Decrescente;Nublado;Dupla;Reta;Sim;5;0;4;0;1;0;4;2;-20.18168;-40.26536
235307.0;2019-09-14;sábado;10:15:00;262.0;88.0;DOMINGOS MARTINS;Desobediência às normas de trânsito pelo condutor;Colisão transversal;Com Vítimas Feridas;Pleno dia;Decrescente;Céu Claro;Simples;Reta;Não;2;0;0;1;1;0;1;2;-20.3912;-41.00985
235287.0;2019-09-14;sábado;06:20:00;262.0;29.0;DOMINGOS MARTINS;Objeto estático sobre o leito carroçável;Colisão frontal;Com Vítimas Feridas;Pleno dia;Crescente;Nublado;Simples;Ponte;Não;3;0;1;0;2;0;1;3;-20.37585;-40.56027
235467.0;2019-09-15;domingo;01:30:00;101.0;269.0;SERRA;Falta de Atenção à Condução;Colisão transversal;Com Vítimas Feridas;Plena Noite;Crescente;Céu Claro;Dupla;Interseção de vias;Sim;2;0;1;0;1;0;1;2;-20.2174;-40.269909999999996
235525.0;2019-09-15;domingo;07:50:00;101.0;67.0;SAO MATEUS;Falta de Atenção à Condução;Colisão traseira;Com Vítimas Feridas;Pleno dia;Crescente;Céu Claro;Múltipla;Reta;Sim;2;0;1;0;1;0;1;2;-18.72054;-39.86589
235536.0;2019-09-15;domingo;09:30:00;101.0;423.0;ATILIO VIVACQUA;Falta de Atenção à Condução;Colisão lateral;Com Vítimas Feridas;Pleno dia;Crescente;Sol;Simples;Reta;Não;8;0;5;1;1;1;6;3;-20.98875;-41.11847
235461.0;2019-09-15;domingo;00:20:00;101.0;66.0;SAO MATEUS;Falta de Atenção à Condução;Queda de ocupante de veículo;Com Vítimas Feridas;Plena Noite;Decrescente;Céu Claro;Simples;Reta;Sim;1;0;1;0;0;0;1;1;-18.716520000000003;-39.874359999999996
235576.0;2019-09-15;domingo;09:40:00;259.0;58.0;COLATINA;Falta de Atenção à Condução;Colisão traseira;Com Vítimas Feridas;Pleno dia;Decrescente;Céu Claro;Simples;Reta;Sim;1;0;1;0;0;0;1;1;-19.514470000000003;-40.660790000000006
235593.0;2019-09-15;domingo;15:20:00;101.0;290.0;CARIACICA;Falta de Atenção à Condução;Tombamento;Com Vítimas Feridas;Pleno dia;Crescente;Céu Claro;Dupla;Reta;Não;1;0;1;0;0;0;1;1;-20.289279999999998;-40.39182
235492.0;2019-09-15;domingo;03:15:00;101.0;130.0;LINHARES;Falta de Atenção à Condução;Saída de leito carroçável;Com Vítimas Feridas;Plena Noite;Crescente;Céu Claro;Simples;Reta;Não;3;0;2;0;1;0;2;1;-19.22995;-40.09267
235651.0;2019-09-15;domingo;18:30:00;101.0;305.5;VIANA;Defeito na Via;Queda de ocupante de veículo;Com Vítimas Feridas;Plena Noite;Crescente;Céu Claro;Simples;Não Informado;Não;2;0;2;0;0;0;2;1;-20.386979999999998;-40.46346
235685.0;2019-09-15;domingo;18:30:00;259.0;98.3;BAIXO GUANDU;Velocidade Incompatível;Saída de leito carroçável;Com Vítimas Feridas;Plena Noite;Crescente;Nublado;Simples;Curva;Não;2;0;0;2;0;0;2;1;-19.51141;-40.9786
235703.0;2019-09-15;domingo;21:30:00;101.0;187.5;ARACRUZ;Defeito Mecânico no Veículo;Incêndio;Sem Vítimas;Plena Noite;Decrescente;Céu Claro;Simples;Curva;Não;1;0;0;0;1;0;0;1;-19.67083;-40.256209999999996
235721.0;2019-09-15;domingo;22:30:00;101.0;141.0;LINHARES;Animais na Pista;Atropelamento de Animal;Com Vítimas Feridas;Plena Noite;Crescente;Nublado;Múltipla;Reta;Sim;1;0;0;1;0;0;1;1;-19.32656;-40.07192
235747.0;2019-09-15;domingo;16:00:00;101.0;289.0;CARIACICA;Falta de Atenção à Condução;Colisão traseira;Com Vítimas Feridas;Pleno dia;Decrescente;Céu Claro;Dupla;Reta;Não;2;0;1;1;0;0;2;2;-20.267670000000003;-40.388490000000004
235490.0;2019-09-15;domingo;04:35:00;101.0;381.7;RIO NOVO DO SUL;Ingestão de Álcool;Colisão lateral;Sem Vítimas;Amanhecer;Decrescente;Céu Claro;Simples;Curva;Não;2;0;0;0;2;0;0;2;-20.81706;-40.84261
235827.0;2019-09-16;segunda-feira;07:00:00;101.0;287.5;CARIACICA;Falta de Atenção à Condução;Colisão lateral;Com Vítimas Feridas;Pleno dia;Decrescente;Céu Claro;Dupla;Reta;Sim;2;0;1;0;1;0;1;2;-20.26494;-40.38472
235950.0;2019-09-16;segunda-feira;17:00:00;259.0;30.4;COLATINA;Velocidade Incompatível;Colisão frontal;Com Vítimas Feridas;Anoitecer;Crescente;Céu Claro;Dupla;Curva;Sim;3;0;0;2;1;0;2;2;-19.59525;-40.50647
235844.0;2019-09-16;segunda-feira;08:10:00;101.0;291.9;CARIACICA;Desobediência às normas de trânsito pelo condutor;Colisão transversal;Com Vítimas Feridas;Pleno dia;Decrescente;Céu Claro;Dupla;Interseção de vias;Sim;5;0;1;2;2;0;3;3;-20.29756;-40.394459999999995
235849.0;2019-09-16;segunda-feira;09:00:00;101.0;287.1;CARIACICA;Defeito Mecânico no Veículo;Incêndio;Sem Vítimas;Pleno dia;Decrescente;Céu Claro;Dupla;Reta;Sim;1;0;0;0;1;0;0;1;-20.26494;-40.38472
235851.0;2019-09-16;segunda-feira;08:30:00;101.0;298.0;VIANA;Falta de Atenção à Condução;Colisão traseira;Sem Vítimas;Pleno dia;Crescente;Céu Claro;Múltipla;Reta;Sim;2;0;0;0;2;0;0;2;-20.35374;-40.41564
236054.0;2019-09-16;segunda-feira;18:00:00;262.0;77.5;DOMINGOS MARTINS;Defeito Mecânico no Veículo;Colisão com objeto estático;Sem Vítimas;Anoitecer;Decrescente;Céu Claro;Simples;Curva;Não;1;0;0;0;0;1;0;1;-20.41101;-40.91783
235750.0;2019-09-16;segunda-feira;06:00:00;101.0;266.8;SERRA;Falta de Atenção à Condução;Colisão traseira;Sem Vítimas;Amanhecer;Crescente;Céu Claro;Múltipla;Reta;Sim;2;0;0;0;1;1;0;2;-20.1902;-40.26829
235980.0;2019-09-16;segunda-feira;19:05:00;262.0;37.0;DOMINGOS MARTINS;Falta de Atenção à Condução;Colisão frontal;Com Vítimas Feridas;Plena Noite;Crescente;Céu Claro;Simples;Reta;Não;2;0;1;0;1;0;1;2;-20.38052;-40.6216
235906.0;2019-09-16;segunda-feira;07:20:00;101.0;287.6;CARIACICA;Desobediência às normas de trânsito pelo condutor;Colisão transversal;Com Vítimas Feridas;Pleno dia;Decrescente;Sol;Dupla;Reta;Sim;2;0;1;0;1;0;1;2;-20.26857;-40.388709999999996
235973.0;2019-09-16;segunda-feira;18:45:00;101.0;268.2;SERRA;Animais na Pista;Atropelamento de Animal;Com Vítimas Feridas;Anoitecer;Crescente;Ignorado;Múltipla;Reta;Sim;1;0;0;1;0;0;1;1;-20.20842;-40.2694
235962.0;2019-09-16;segunda-feira;18:25:00;101.0;289.0;CARIACICA;Desobediência às normas de trânsito pelo condutor;Colisão transversal;Com Vítimas Feridas;Plena Noite;Decrescente;Céu Claro;Dupla;Reta;Sim;2;0;0;2;0;0;2;2;-20.273320000000002;-40.3916
235828.0;2019-09-16;segunda-feira;07:20:00;101.0;288.8;CARIACICA;Falta de Atenção à Condução;Colisão traseira;Com Vítimas Feridas;Pleno dia;Decrescente;Céu Claro;Dupla;Reta;Sim;2;0;0;1;1;0;1;2;-20.275879999999997;-40.392379999999996
235984.0;2019-09-16;segunda-feira;19:45:00;101.0;190.6;ARACRUZ;Ultrapassagem Indevida;Colisão lateral;Com Vítimas Feridas;Plena Noite;Crescente;Céu Claro;Simples;Curva;Não;3;0;2;0;1;0;2;2;-19.68681;-40.28399
236023.0;2019-09-17;terça-feira;05:20:00;101.0;119.9;SOORETAMA;Desobediência às normas de trânsito pelo condutor;Colisão frontal;Com Vítimas Feridas;Amanhecer;Crescente;Céu Claro;Simples;Não Informado;Não;5;0;5;0;0;0;5;2;-19.13567;-40.071090000000005
236135.0;2019-09-17;terça-feira;16:50:00;101.0;296.5;CARIACICA;Desobediência às normas de trânsito pelo condutor;Colisão lateral;Com Vítimas Feridas;Pleno dia;Decrescente;Céu Claro;Múltipla;Reta;Sim;2;0;1;0;1;0;1;2;-20.34007;-40.39451
236145.0;2019-09-17;terça-feira;17:50:00;101.0;1.0;SERRA;Desobediência às normas de trânsito pelo condutor;Colisão traseira;Com Vítimas Feridas;Plena Noite;Decrescente;Céu Claro;Dupla;Reta;Sim;4;0;1;0;3;0;1;4;-20.2466;-40.2837
236150.0;2019-09-17;terça-feira;18:30:00;101.0;293.8;CARIACICA;Desobediência às normas de trânsito pelo pedestre;Atropelamento de Pedestre;Com Vítimas Feridas;Plena Noite;Crescente;Céu Claro;Dupla;Reta;Sim;3;0;1;2;0;0;3;1;-20.315260000000002;-40.39567
236182.0;2019-09-17;terça-feira;20:30:00;259.0;65.2;COLATINA;Ingestão de Álcool;Colisão frontal;Com Vítimas Fatais;Plena Noite;Crescente;Céu Claro;Simples;Reta;Sim;3;1;0;1;1;0;1;2;-19.51944;-40.71586
236186.0;2019-09-17;terça-feira;20:30:00;101.0;117.0;SOORETAMA;Falta de Atenção à Condução;Queda de ocupante de veículo;Com Vítimas Feridas;Plena Noite;Crescente;Céu Claro;Simples;Reta;Não;1;0;0;1;0;0;1;1;-19.119329999999998;-40.06303
236200.0;2019-09-17;terça-feira;23:00:00;101.0;69.5;SAO MATEUS;Falta de Atenção à Condução;Queda de ocupante de veículo;Com Vítimas Feridas;Plena Noite;Decrescente;Céu Claro;Simples;Não Informado;Não;1;0;1;0;0;0;1;1;-18.73556;-39.8607
236365.0;2019-09-18;quarta-feira;18:00:00;101.0;267.6;SERRA;Desobediência às normas de trânsito pelo condutor;Colisão transversal;Com Vítimas Feridas;Pleno dia;Crescente;Céu Claro;Múltipla;Reta;Sim;2;0;1;0;1;0;1;2;-20.1902;-40.26829
236377.0;2019-09-18;quarta-feira;19:10:00;101.0;98.3;JAGUARE;Ultrapassagem Indevida;Saída de leito carroçável;Com Vítimas Feridas;Plena Noite;Crescente;Céu Claro;Simples;Reta;Não;2;0;1;0;1;0;1;2;-18.96369;-39.98758
236325.0;2019-09-18;quarta-feira;14:10:00;101.0;184.0;ARACRUZ;Carga excessiva e/ou mal acondicionada;Tombamento;Com Vítimas Feridas;Pleno dia;Decrescente;Céu Claro;Simples;Curva;Não;1;0;1;0;0;0;1;1;-19.65524;-40.23356
236254.0;2019-09-18;quarta-feira;07:40:00;262.0;190.0;IUNA;Condutor Dormindo;Saída de leito carroçável;Com Vítimas Feridas;Pleno dia;Crescente;Céu Claro;Simples;Curva;Não;1;0;1;0;0;0;1;1;-20.30807;-41.74445
240090.0;2019-09-18;quarta-feira;22:40:00;101.0;429.8;ATILIO VIVACQUA;Condutor Dormindo;Saída de leito carroçável;Com Vítimas Feridas;Plena Noite;Crescente;Céu Claro;Simples;Reta;Não;2;0;1;0;1;0;1;1;-21.025660000000002;-41.15891
236357.0;2019-09-18;quarta-feira;17:00:00;101.0;270.0;SERRA;Falta de Atenção à Condução;Colisão traseira;Com Vítimas Feridas;Anoitecer;Decrescente;Céu Claro;Dupla;Reta;Sim;2;0;1;0;1;0;1;2;-20.20842;-40.2694
236516.0;2019-09-19;quinta-feira;15:00:00;262.0;93.7;DOMINGOS MARTINS;Falta de Atenção à Condução;Colisão transversal;Com Vítimas Feridas;Pleno dia;Decrescente;Sol;Simples;Não Informado;Não;4;0;1;2;1;0;3;2;-20.37908;-41.05048
236536.0;2019-09-19;quinta-feira;16:45:00;101.0;270.5;SERRA;Falta de Atenção à Condução;Tombamento;Com Vítimas Feridas;Pleno dia;Decrescente;Céu Claro;Múltipla;Interseção de vias;Sim;1;0;0;1;0;0;1;1;-20.22662;-40.27075
236544.0;2019-09-19;quinta-feira;18:00:00;101.0;301.5;VIANA;Desobediência às normas de trânsito pelo condutor;Colisão frontal;Com Vítimas Feridas;Anoitecer;Crescente;Céu Claro;Múltipla;Curva;Sim;2;0;0;1;1;0;1;2;-20.363120000000002;-40.44256
236505.0;2019-09-19;quinta-feira;13:50:00;101.0;146.6;LINHARES;Desobediência às normas de trânsito pelo condutor;Colisão lateral;Sem Vítimas;Pleno dia;Decrescente;Sol;Múltipla;Reta;Sim;2;0;0;0;2;0;0;2;-19.36991;-40.06561
236676.0;2019-09-20;sexta-feira;07:20:00;101.0;294.4;CARIACICA;Defeito Mecânico no Veículo;Colisão com objeto estático;Com Vítimas Feridas;Pleno dia;Crescente;Céu Claro;Dupla;Reta;Não;1;0;0;1;0;0;1;1;-20.32416;-40.39529
236731.0;2019-09-20;sexta-feira;13:20:00;262.0;1.3;CARIACICA;Falta de Atenção à Condução;Colisão lateral;Com Vítimas Feridas;Pleno dia;Decrescente;Céu Claro;Múltipla;Reta;Sim;2;0;1;0;1;0;1;2;-20.32955;-40.354929999999996
236775.0;2019-09-20;sexta-feira;17:10:00;101.0;265.3;SERRA;Falta de Atenção à Condução;Colisão lateral;Com Vítimas Feridas;Anoitecer;Crescente;Céu Claro;Dupla;Reta;Sim;2;0;1;0;0;1;1;2;-20.183970000000002;-40.26672
248463.0;2019-09-20;sexta-feira;15:40:00;262.0;3.2;CARIACICA;Desobediência às normas de trânsito pelo condutor;Colisão lateral;Com Vítimas Feridas;Pleno dia;Crescente;Céu Claro;Dupla;Não Informado;Sim;3;0;1;0;1;1;1;2;-20.33374;-40.36911
255767.0;2019-09-20;sexta-feira;17:50:00;262.0;18.9;VIANA;Falta de Atenção à Condução;Colisão transversal;Com Vítimas Feridas;Anoitecer;Decrescente;Céu Claro;Simples;Reta;Não;5;0;2;2;1;0;4;2;-20.391370000000002;-40.4808