id;data_inversa;dia_semana;horario;br;km;municipio;causa_acidente;tipo_acidente;classificacao_acidente;fase_dia;sentido_via;condicao_metereologica;tipo_pista;tracado_via;uso_solo;pessoas;mortos;feridos_leves;feridos_graves;ilesos;ignorados;feridos;veiculos;latitude;longitude
245226.0;2019-10-26;sábado;10:30:00;101.0;188.9;ARACRUZ;Desobediência às normas de trânsito pelo condutor;Colisão transversal;Com Vítimas Feridas;Pleno dia;Decrescente;Céu Claro;Simples;Reta;Sim;7;0;2;4;1;0;6;2;-19.67569;-40.263690000000004
245178.0;2019-10-26;sábado;06:00:00;101.0;101.7;JAGUARE;Defeito Mecânico no Veículo;Queda de ocupante de veículo;Com Vítimas Feridas;Amanhecer;Crescente;Céu Claro;Simples;Desvio Temporário;Não;2;0;2;0;0;0;2;1;-18.99266;-40.00156
245153.0;2019-10-26;sábado;04:24:00;101.0;287.0;CARIACICA;Falta de Atenção à Condução;Queda de ocupante de veículo;Com Vítimas Feridas;Amanhecer;Decrescente;Céu Claro;Dupla;Reta;Sim;1;0;1;0;0;0;1;1;-20.26494;-40.38472
245150.0;2019-10-26;sábado;03:00:00;101.0;5.2;ICONHA;Condutor Dormindo;Colisão traseira;Com Vítimas Feridas;Plena Noite;Crescente;Nublado;Dupla;Desvio Temporário;Não;2;0;1;0;1;0;1;2;-20.79354;-40.81146
245180.0;2019-10-26;sábado;06:40:00;101.0;147.1;LINHARES;Falta de Atenção à Condução;Colisão transversal;Com Vítimas Feridas;Pleno dia;Crescente;Nublado;Múltipla;Interseção de vias;Sim;3;0;0;3;0;0;3;2;-19.378870000000003;-40.06658
245261.0;2019-10-26;sábado;14:00:00;101.0;267.9;SERRA;Desobediência às normas de trânsito pelo condutor;Colisão transversal;Com Vítimas Feridas;Pleno dia;Crescente;Sol;Dupla;Interseção de vias;Sim;3;0;1;0;1;1;1;2;-20.19931;-40.26885
246321.0;2019-10-27;domingo;21:00:00;101.0;166.0;LINHARES;Falta de Atenção à Condução;Colisão lateral;Com Vítimas Feridas;Plena Noite;Decrescente;Céu Claro;Simples;Reta;Sim;4;0;1;0;3;0;1;2;-19.52078;-40.14567
245619.0;2019-10-27;domingo;22:00:00;262.0;20.3;VIANA;Falta de Atenção à Condução;Saída de leito carroçável;Sem Vítimas;Plena Noite;Decrescente;Céu Claro;Simples;Reta;Não;1;0;0;0;1;0;0;1;-20.38569;-40.496809999999996
245590.0;2019-10-27;domingo;20:00:00;101.0;185.0;ARACRUZ;Objeto estático sobre o leito carroçável;Queda de ocupante de veículo;Com Vítimas Feridas;Plena Noite;Crescente;Nublado;Simples;Reta;Não;1;0;1;0;0;0;1;1;-19.66049;-40.240990000000004
245563.0;2019-10-27;domingo;18:10:00;393.0;0.4;CACHOEIRO DE ITAPEMIRIM;Desobediência às normas de trânsito pelo pedestre;Atropelamento de Pedestre;Com Vítimas Feridas;Plena Noite;Decrescente;Nublado;Simples;Reta;Não;2;0;0;1;1;0;1;1;-20.84132;-41.159290000000006
245537.0;2019-10-27;domingo;16:07:00;101.0;302.8;VIANA;Desobediência às normas de trânsito pelo condutor;Colisão frontal;Com Vítimas Feridas;Pleno dia;Decrescente;Nublado;Dupla;Curva;Sim;3;0;2;0;1;0;2;2;-20.37572;-40.442809999999994
245520.0;2019-10-27;domingo;11:40:00;101.0;127.0;SOORETAMA;Ingestão de Álcool;Queda de ocupante de veículo;Com Vítimas Feridas;Pleno dia;Crescente;Céu Claro;Dupla;Não Informado;Sim;1;0;1;0;0;0;1;1;-19.2029;-40.09552
245738.0;2019-10-28;segunda-feira;15:55:00;262.0;4.8;CARIACICA;Desobediência às normas de trânsito pelo condutor;Colisão lateral;Com Vítimas Feridas;Pleno dia;Crescente;Céu Claro;Simples;Reta;Sim;2;0;1;0;1;0;1;2;-20.33609;-40.37813
245664.0;2019-10-28;segunda-feira;07:20:00;101.0;270.5;SERRA;Desobediência às normas de trânsito pelo condutor;Colisão lateral;Com Vítimas Feridas;Pleno dia;Crescente;Céu Claro;Dupla;Reta;Sim;2;0;1;0;1;0;1;2;-20.22662;-40.27075
245681.0;2019-10-28;segunda-feira;08:50:00;101.0;68.0;SAO MATEUS;Deficiência ou não Acionamento do Sistema de Iluminação/Sinalização do Veículo;Tombamento;Com Vítimas Feridas;Pleno dia;Crescente;Céu Claro;Simples;Reta;Não;3;0;2;0;1;0;2;3;-18.7266;-39.85975
245795.0;2019-10-28;segunda-feira;21:10:00;101.0;291.1;CARIACICA;Desobediência às normas de trânsito pelo condutor;Colisão frontal;Com Vítimas Feridas;Pleno dia;Decrescente;Céu Claro;Dupla;Reta;Sim;3;0;2;0;1;0;2;2;-20.29978;-40.39521
245785.0;2019-10-28;segunda-feira;19:20:00;101.0;266.0;SERRA;Não guardar distância de segurança;Colisão traseira;Com Vítimas Feridas;Plena Noite;Crescente;Céu Claro;Dupla;Reta;Sim;2;0;1;0;1;0;1;2;-20.1902;-40.26829
245782.0;2019-10-28;segunda-feira;18:30:00;262.0;71.0;MARECHAL FLORIANO;Ingestão de Álcool;Colisão frontal;Com Vítimas Feridas;Plena Noite;Decrescente;Nublado;Simples;Reta;Sim;5;0;0;1;4;0;1;2;-20.42022;-40.87403
245715.0;2019-10-28;segunda-feira;13:40:00;101.0;299.8;VIANA;Falta de Atenção à Condução;Saída de leito carroçável;Com Vítimas Feridas;Pleno dia;Crescente;Sol;Múltipla;Curva;Sim;1;0;1;0;0;0;1;1;-20.358610000000002;-40.42328
245816.0;2019-10-28;segunda-feira;23:50:00;101.0;267.9;SERRA;Falta de Atenção à Condução;Queda de ocupante de veículo;Com Vítimas Feridas;Amanhecer;Decrescente;Céu Claro;Múltipla;Reta;Sim;1;0;1;0;0;0;1;1;-20.19931;-40.26885
246043.0;2019-10-29;terça-feira;21:30:00;101.0;77.2;SAO MATEUS;Falta de Atenção à Condução;Colisão frontal;Com Vítimas Feridas;Plena Noite;Decrescente;Nublado;Simples;Reta;Não;2;0;0;1;0;1;1;2;-18.799529999999997;-39.89017
246020.0;2019-10-29;terça-feira;23:35:00;262.0;31.4;DOMINGOS MARTINS;Falta de Atenção à Condução;Colisão com objeto estático;Com Vítimas Feridas;Plena Noite;Decrescente;Céu Claro;Simples;Curva;Não;2;0;1;0;1;0;1;1;-20.38051;-40.56831
245961.0;2019-10-29;terça-feira;18:35:00;262.0;4.0;CARIACICA;Falta de Atenção à Condução;Colisão lateral;Com Vítimas Feridas;Plena Noite;Crescente;Céu Claro;Dupla;Reta;Sim;2;0;1;0;1;0;1;2;-20.33609;-40.37813
245916.0;2019-10-29;terça-feira;14:50:00;262.0;1.5;CARIACICA;Desobediência às normas de trânsito pelo condutor;Colisão transversal;Com Vítimas Feridas;Pleno dia;Crescente;Céu Claro;Múltipla;Reta;Sim;3;0;3;0;0;0;3;2;-20.32955;-40.354929999999996
245904.0;2019-10-29;terça-feira;14:00:00;262.0;0.5;VITORIA;Falta de Atenção à Condução;Colisão lateral;Sem Vítimas;Pleno dia;Decrescente;Céu Claro;Dupla;Ponte;Não;2;0;0;0;2;0;0;2;-20.32079;-40.353320000000004
245884.0;2019-10-29;terça-feira;11:40:00;101.0;85.0;SAO MATEUS;Falta de Atenção do Pedestre;Atropelamento de Pedestre;Com Vítimas Fatais;Pleno dia;Decrescente;Sol;Simples;Reta;Sim;4;1;0;0;3;0;0;1;-18.8582;-39.93425
245853.0;2019-10-29;terça-feira;06:20:00;101.0;66.2;SAO MATEUS;Falta de Atenção à Condução;Queda de ocupante de veículo;Com Vítimas Feridas;Pleno dia;Decrescente;Céu Claro;Simples;Interseção de vias;Sim;1;0;0;1;0;0;1;1;-18.716520000000003;-39.874359999999996
246178.0;2019-10-30;quarta-feira;14:10:00;262.0;136.5;MUNIZ FREIRE;Falta de Atenção à Condução;Tombamento;Com Vítimas Feridas;Pleno dia;Decrescente;Céu Claro;Simples;Curva;Não;2;0;2;0;0;0;2;1;-20.24111;-41.338840000000005
246214.0;2019-10-30;quarta-feira;15:00:00;262.0;6.8;CARIACICA;Falta de Atenção à Condução;Colisão traseira;Com Vítimas Feridas;Pleno dia;Crescente;Céu Claro;Múltipla;Reta;Não;2;0;0;1;1;0;1;2;-20.34007;-40.39451
246058.0;2019-10-30;quarta-feira;04:00:00;484.0;98.1;AFONSO CLAUDIO;Velocidade Incompatível;Colisão com objeto estático;Com Vítimas Fatais;Plena Noite;Crescente;Céu Claro;Simples;Reta;Não;1;1;0;0;0;0;0;1;-20.01681;-41.03347
246073.0;2019-10-30;quarta-feira;10:30:00;101.0;2.0;SERRA;Falta de Atenção à Condução;Colisão traseira;Com Vítimas Feridas;Pleno dia;Decrescente;Céu Claro;Dupla;Reta;Não;2;0;1;0;1;0;1;2;-20.239179999999998;-40.27742
246099.0;2019-10-30;quarta-feira;12:40:00;101.0;174.5;ARACRUZ;Desobediência às normas de trânsito pelo condutor;Colisão transversal;Com Vítimas Feridas;Pleno dia;Decrescente;Céu Claro;Simples;Reta;Sim;3;0;1;0;2;0;1;2;-19.580470000000002;-40.18782
246158.0;2019-10-30;quarta-feira;18:10:00;262.0;6.0;CARIACICA;Desobediência às normas de trânsito pelo condutor;Atropelamento de Pedestre;Com Vítimas Feridas;Plena Noite;Decrescente;Nublado;Múltipla;Reta;Sim;2;0;1;0;0;1;1;1;-20.340139999999998;-40.39438
246159.0;2019-10-30;quarta-feira;16:00:00;101.0;267.8;SERRA;Objeto estático sobre o leito carroçável;Danos eventuais;Com Vítimas Feridas;Pleno dia;Decrescente;Céu Claro;Múltipla;Interseção de vias;Não;2;0;1;0;1;0;1;2;-20.19931;-40.26885
246166.0;2019-10-30;quarta-feira;19:00:00;101.0;268.3;SERRA;Não guardar distância de segurança;Colisão traseira;Com Vítimas Feridas;Anoitecer;Crescente;Céu Claro;Dupla;Reta;Sim;3;0;1;0;2;0;1;3;-20.20842;-40.2694
246177.0;2019-10-30;quarta-feira;19:45:00;101.0;211.3;IBIRACU;Falta de Atenção à Condução;Colisão lateral;Com Vítimas Feridas;Plena Noite;Decrescente;Céu Claro;Dupla;Não Informado;Não;2;0;0;1;1;0;1;2;-19.807010000000002;-40.367670000000004
246383.0;2019-10-31;quinta-feira;20:35:00;101.0;144.2;LINHARES;Falta de Atenção à Condução;Queda de ocupante de veículo;Com Vítimas Feridas;Plena Noite;Decrescente;Céu Claro;Simples;Reta;Sim;1;0;1;0;0;0;1;1;-19.35446;-40.06373
246345.0;2019-10-31;quinta-feira;17:30:00;101.0;303.5;VIANA;Falta de Atenção à Condução;Colisão traseira;Sem Vítimas;Anoitecer;Crescente;Céu Claro;Dupla;Reta;Sim;2;0;0;0;2;0;0;2;-20.37696;-40.44527
246288.0;2019-10-31;quinta-feira;12:10:00;101.0;1.0;SERRA;Falta de Atenção à Condução;Tombamento;Com Vítimas Feridas;Pleno dia;Crescente;Céu Claro;Simples;Reta;Sim;1;0;0;1;0;0;1;1;-20.23333;-40.275209999999994
246277.0;2019-10-31;quinta-feira;11:15:00;101.0;350.0;GUARAPARI;Defeito Mecânico no Veículo;Tombamento;Com Vítimas Feridas;Pleno dia;Decrescente;Céu Claro;Simples;Reta;Não;1;0;1;0;0;0;1;1;-20.659860000000002;-40.64895
246229.0;2019-10-31;quinta-feira;07:15:00;101.0;145.9;LINHARES;Não guardar distância de segurança;Colisão transversal;Com Vítimas Feridas;Pleno dia;Decrescente;Nublado;Simples;Reta;Sim;2;0;1;0;1;0;1;2;-19.3609;-40.064640000000004
252381.0;2019-10-31;quinta-feira;17:30:00;101.0;1.9;VITORIA;Falta de Atenção à Condução;Colisão lateral;Com Vítimas Feridas;Anoitecer;Decrescente;Sol;Simples;Reta;Sim;2;0;1;0;1;0;1;2;-20.3154;-40.3018
246226.0;2019-10-31;quinta-feira;06:30:00;259.0;61.5;COLATINA;Falta de Atenção à Condução;Atropelamento de Animal;Com Vítimas Feridas;Pleno dia;Crescente;Céu Claro;Simples;Reta;Não;2;0;0;2;0;0;2;1;-19.5278;-40.69774
246269.0;2019-10-31;quinta-feira;10:00:00;262.0;3.7;CARIACICA;Falta de Atenção à Condução;Colisão lateral;Com Vítimas Feridas;Pleno dia;Decrescente;Céu Claro;Múltipla;Reta;Sim;1;0;1;0;0;0;1;1;-20.33374;-40.36911
246532.0;2019-11-01;sexta-feira;15:40:00;101.0;58.0;SAO MATEUS;Desobediência às normas de trânsito pelo condutor;Tombamento;Com Vítimas Feridas;Pleno dia;Crescente;Céu Claro;Simples;Não Informado;Sim;1;0;1;0;0;0;1;1;-18.65547;-39.87148
246530.0;2019-11-01;sexta-feira;15:10:00;101.0;147.1;LINHARES;Falta de Atenção à Condução;Colisão transversal;Com Vítimas Feridas;Pleno dia;Crescente;Céu Claro;Simples;Interseção de vias;Sim;2;0;1;0;1;0;1;2;-19.378870000000003;-40.06658
246631.0;2019-11-01;sexta-feira;22:55:00;101.0;141.0;LINHARES;Restrição de Visibilidade;Tombamento;Com Vítimas Feridas;Plena Noite;Decrescente;Céu Claro;Simples;Interseção de vias;Não;3;0;2;0;0;1;2;2;-19.32656;-40.07192
246451.0;2019-11-01;sexta-feira;08:20:00;101.0;343.1;GUARAPARI;Falta de Atenção à Condução;Colisão traseira;Com Vítimas Feridas;Pleno dia;Crescente;Céu Claro;Simples;Reta;Não;2;0;1;0;1;0;1;2;-20.661920000000002;-40.59046
246479.0;2019-11-01;sexta-feira;09:00:00;101.0;292.9;CARIACICA;Pista Escorregadia;Queda de ocupante de veículo;Com Vítimas Feridas;Pleno dia;Crescente;Céu Claro;Múltipla;Interseção de vias;Sim;1;0;1;0;0;0;1;1;-20.314339999999998;-40.395590000000006
246592.0;2019-11-01;sexta-feira;17:55:00;101.0;265.0;SERRA;Falta de Atenção à Condução;Colisão lateral;Com Vítimas Feridas;Anoitecer;Decrescente;Garoa/Chuvisco;Múltipla;Reta;Sim;2;0;1;0;1;0;1;2;-20.18168;-40.26536
246526.0;2019-11-01;sexta-feira;14:30:00;262.0;99.0;VENDA NOVA DO IMIGRANTE;Pista Escorregadia;Colisão frontal;Com Vítimas Feridas;Pleno dia;Crescente;Chuva;Simples;Reta;Não;3;0;2;1;0;0;3;2;-20.35052;-41.09312
246574.0;2019-11-01;sexta-feira;18:40:00;101.0;213.0;IBIRACU;Desobediência às normas de trânsito pelo condutor;Atropelamento de Pedestre;Com Vítimas Feridas;Plena Noite;Decrescente;Céu Claro;Simples;Reta;Sim;2;0;1;0;0;1;1;1;-19.823529999999998;-40.369820000000004
246559.0;2019-11-01;sexta-feira;17:00:00;101.0;296.0;CARIACICA;Falta de Atenção à Condução;Colisão lateral;Com Vítimas Feridas;Anoitecer;Decrescente;Nublado;Dupla;Viaduto;Sim;2;0;1;0;1;0;1;2;-20.3403;-40.40406
246859.0;2019-11-02;sábado;22:30:00;259.0;62.0;COLATINA;Ingestão de Álcool;Colisão traseira;Com Vítimas Feridas;Plena Noite;Crescente;Céu Claro;Simples;Reta;Não;2;0;0;1;1;0;1;2;-19.53124;-40.68991
246840.0;2019-11-02;sábado;20:35:00;101.0;66.0;SAO MATEUS;Falta de Atenção à Condução;Colisão traseira;Com Vítimas Feridas;Plena Noite;Decrescente;Céu Claro;Múltipla;Interseção de vias;Sim;3;0;2;0;1;0;2;2;-18.716520000000003;-39.874359999999996
246843.0;2019-11-02;sábado;18:29:00;262.0;97.9;VENDA NOVA DO IMIGRANTE;Falta de Atenção à Condução;Colisão transversal;Com Vítimas Feridas;Plena Noite;Decrescente;Nublado;Simples;Interseção de vias;Não;2;0;0;1;0;1;1;2;-20.36104;-41.07465
246855.0;2019-11-02;sábado;22:40:00;262.0;120.0;CONCEICAO DO CASTELO;Velocidade Incompatível;Tombamento;Com Vítimas Feridas;Plena Noite;Decrescente;Céu Claro;Simples;Curva;Não;2;0;0;2;0;0;2;1;-20.3004;-41.23049
246868.0;2019-11-02;sábado;23:30:00;101.0;313.0;VIANA;Falta de Atenção à Condução;Tombamento;Com Vítimas Feridas;Plena Noite;Crescente;Chuva;Simples;Reta;Não;2;0;2;0;0;0;2;1;-20.45266;-40.46228
246810.0;2019-11-02;sábado;17:30:00;101.0;255.5;SERRA;Desobediência às normas de trânsito pelo condutor;Colisão lateral;Sem Vítimas;Anoitecer;Decrescente;Céu Claro;Simples;Interseção de vias;Sim;2;0;0;0;1;1;0;2;-20.11488;-40.31944
246784.0;2019-11-02;sábado;14:30:00;262.0;59.0;MARECHAL FLORIANO;Falta de Atenção à Condução;Colisão transversal;Com Vítimas Feridas;Pleno dia;Crescente;Chuva;Simples;Interseção de vias;Não;3;0;1;0;2;0;1;2;-20.42168;-40.77787
246751.0;2019-11-02;sábado;10:15:00;101.0;290.0;CARIACICA;Falta de Atenção do Pedestre;Atropelamento de Pedestre;Com Vítimas Feridas;Pleno dia;Crescente;Céu Claro;Dupla;Reta;Sim;3;0;2;1;0;0;3;1;-20.289279999999998;-40.39182
246749.0;2019-11-02;sábado;10:00:00;101.0;258.4;SERRA;Falta de Atenção à Condução;Colisão traseira;Com Vítimas Feridas;Pleno dia;Crescente;Nublado;Dupla;Não Informado;Sim;5;0;3;0;2;0;3;2;-20.1306;-40.2961
246737.0;2019-11-02;sábado;09:40:00;101.0;284.0;CARIACICA;Pista Escorregadia;Tombamento;Com Vítimas Feridas;Pleno dia;Decrescente;Garoa/Chuvisco;Dupla;Reta;Sim;2;0;1;0;1;0;1;1;-20.24335;-40.369690000000006
246730.0;2019-11-02;sábado;08:50:00;101.0;76.0;SAO MATEUS;Não guardar distância de segurança;Engavetamento;Com Vítimas Feridas;Pleno dia;Decrescente;Céu Claro;Simples;Reta;Não;5;0;1;0;4;0;1;3;-18.7922;-39.884640000000005
246726.0;2019-11-02;sábado;07:45:00;101.0;332.5;GUARAPARI;Velocidade Incompatível;Tombamento;Com Vítimas Feridas;Pleno dia;Crescente;Sol;Dupla;Curva;Não;3;0;2;0;1;0;2;1;-20.61231;-40.51132
246697.0;2019-11-02;sábado;06:00:00;101.0;146.0;LINHARES;Velocidade Incompatível;Colisão transversal;Sem Vítimas;Amanhecer;Decrescente;Céu Claro;Simples;Interseção de vias;Não;2;0;0;0;1;1;0;2;-19.36991;-40.06561
246951.0;2019-11-03;domingo;16:30:00;101.0;1.5;SERRA;Defeito Mecânico no Veículo;Queda de ocupante de veículo;Com Vítimas Feridas;Pleno dia;Crescente;Céu Claro;Dupla;Reta;Sim;2;0;2;0;0;0;2;1;-20.24099;-40.28017
246938.0;2019-11-03;domingo;14:40:00;101.0;426.8;ATILIO VIVACQUA;Falta de Atenção à Condução;Colisão com objeto estático;Com Vítimas Feridas;Pleno dia;Decrescente;Céu Claro;Simples;Rotatória;Não;1;0;1;0;0;0;1;1;-21.00771;-41.13889
246924.0;2019-11-03;domingo;11:00:00;259.0;59.9;COLATINA;Falta de Atenção à Condução;Colisão transversal;Com Vítimas Feridas;Pleno dia;Crescente;Céu Claro;Simples;Reta;Não;2;0;1;0;1;0;1;2;-19.52606;-40.67774
246882.0;2019-11-03;domingo;03:10:00;101.0;144.7;LINHARES;Falta de Atenção à Condução;Queda de ocupante de veículo;Com Vítimas Feridas;Plena Noite;Decrescente;Céu Claro;Múltipla;Reta;Não;1;0;0;1;0;0;1;1;-19.351879999999998;-40.06367
246985.0;2019-11-03;domingo;18:45:00;101.0;294.0;CARIACICA;Falta de Atenção à Condução;Colisão traseira;Com Vítimas Feridas;Plena Noite;Decrescente;Céu Claro;Dupla;Reta;Sim;4;0;4;0;0;0;4;2;-20.32416;-40.39529
246975.0;2019-11-03;domingo;17:45:00;262.0;1.3;CARIACICA;Defeito na Via;Tombamento;Com Vítimas Feridas;Anoitecer;Crescente;Céu Claro;Múltipla;Curva;Sim;1;0;1;0;0;0;1;1;-20.32955;-40.354929999999996
246940.0;2019-11-03;domingo;14:55:00;262.0;71.4;MARECHAL FLORIANO;Falta de Atenção à Condução;Colisão transversal;Com Vítimas Fatais;Pleno dia;Decrescente;Céu Claro;Simples;Interseção de vias;Sim;2;1;0;0;1;0;0;2;-20.41964;-40.877359999999996
247133.0;2019-11-04;segunda-feira;11:15:00;101.0;265.0;SERRA;Desobediência às normas de trânsito pelo condutor;Colisão transversal;Com Vítimas Feridas;Pleno dia;Crescente;Sol;Dupla;Reta;Sim;4;0;1;0;1;2;1;2;-20.18168;-40.26536
259742.0;2019-11-04;segunda-feira;21:50:00;101.0;388.0;RIO NOVO DO SUL;Condutor Dormindo;Colisão lateral;Com Vítimas Feridas;Pleno dia;Crescente;Céu Claro;Simples;Curva;Não;2;0;1;0;1;0;1;2;-20.8569;-40.87678
247259.0;2019-11-04;segunda-feira;21:10:00;262.0;125.0;CONCEICAO DO CASTELO;Falta de Atenção à Condução;Colisão frontal;Sem Vítimas;Plena Noite;Decrescente;Céu Claro;Simples;Reta;Não;1;0;0;0;1;0;0;1;-20.27994;-41.261140000000005
247256.0;2019-11-04;segunda-feira;23:00:00;101.0;254.0;SERRA;Desobediência às normas de trânsito pelo condutor;Colisão frontal;Com Vítimas Feridas;Plena Noite;Crescente;Céu Claro;Simples;Curva;Não;3;0;1;0;1;1;1;2;-20.110039999999998;-40.3274
247232.0;2019-11-04;segunda-feira;19:50:00;101.0;149.0;LINHARES;Desobediência às normas de trânsito pelo condutor;Colisão transversal;Com Vítimas Feridas;Plena Noite;Crescente;Céu Claro;Dupla;Interseção de vias;Não;3;0;0;1;1;1;1;2;-19.39878;-40.0627
247164.0;2019-11-04;segunda-feira;14:30:00;262.0;74.0;DOMINGOS MARTINS;Mal Súbito;Colisão transversal;Com Vítimas Feridas;Pleno dia;Crescente;Céu Claro;Simples;Reta;Não;3;0;0;1;1;1;1;2;-20.41227;-40.89537
247151.0;2019-11-04;segunda-feira;13:20:00;101.0;392.6;RIO NOVO DO SUL;Condutor Dormindo;Saída de leito carroçável;Com Vítimas Feridas;Pleno dia;Crescente;Sol;Simples;Reta;Não;1;0;1;0;0;0;1;1;-20.86587;-40.91137
247147.0;2019-11-04;segunda-feira;11:20:00;101.0;250.3;SERRA;Falta de Atenção à Condução;Colisão lateral;Com Vítimas Feridas;Pleno dia;Crescente;Sol;Simples;Reta;Não;3;0;1;0;2;0;1;2;-20.0914;-40.34214
247165.0;2019-11-04;segunda-feira;14:40:00;101.0;72.0;SAO MATEUS;Desobediência às normas de trânsito pelo condutor;Colisão transversal;Com Vítimas Feridas;Pleno dia;Crescente;Céu Claro;Simples;Reta;Não;2;0;0;1;1;0;1;2;-18.76249;-39.86354
261575.0;2019-11-05;terça-feira;18:00:00;101.0;0.0;SERRA;Não guardar distância de segurança;Colisão traseira;Com Vítimas Feridas;Anoitecer;Decrescente;Céu Claro;Dupla;Reta;Sim;3;0;1;0;2;0;1;3;-20.23647;-40.27685
247289.0;2019-11-05;terça-feira;07:15:00;262.0;2.0;CARIACICA;Desobediência às normas de trânsito pelo pedestre;Atropelamento de Pedestre;Sem Vítimas;Pleno dia;Crescente;Sol;Dupla;Reta;Sim;3;0;0;0;3;0;0;2;-20.33461;-40.36029
247279.0;2019-11-05;terça-feira;07:10:00;101.0;270.0;SERRA;Falta de Atenção à Condução;Colisão lateral;Sem Vítimas;Pleno dia;Decrescente;Céu Claro;Dupla;Reta;Sim;2;0;0;0;2;0;0;2;-20.22662;-40.27075
247323.0;2019-11-05;terça-feira;10:00:00;101.0;28.8;CONCEICAO DA BARRA;Desobediência às normas de trânsito pelo condutor;Saída de leito carroçável;Com Vítimas Feridas;Pleno dia;Decrescente;Sol;Simples;Curva;Não;4;0;3;0;1;0;3;2;-18.39179;-39.94181
247350.0;2019-11-05;terça-feira;13:15:00;262.0;2.2;CARIACICA;Falta de Atenção à Condução;Colisão traseira;Com Vítimas Feridas;Pleno dia;Decrescente;Sol;Dupla;Interseção de vias;Sim;2;0;1;0;1;0;1;2;-20.33276;-40.36078
247394.0;2019-11-05;terça-feira;18:50:00;101.0;270.0;SERRA;Falta de Atenção à Condução;Colisão transversal;Sem Vítimas;Plena Noite;Crescente;Céu Claro;Dupla;Reta;Sim;4;0;0;0;3;1;0;3;-20.2174;-40.269909999999996
247401.0;2019-11-05;terça-feira;19:45:00;101.0;247.0;SERRA;Falta de Atenção à Condução;Tombamento;Com Vítimas Feridas;Plena Noite;Crescente;Céu Claro;Dupla;Reta;Não;1;0;1;0;0;0;1;1;-20.06746;-40.37085
247428.0;2019-11-05;terça-feira;21:30:00;101.0;149.3;LINHARES;Desobediência às normas de trânsito pelo condutor;Colisão traseira;Com Vítimas Feridas;Plena Noite;Crescente;Céu Claro;Dupla;Interseção de vias;Não;3;0;1;0;1;1;1;3;-19.39619;-40.06436
247467.0;2019-11-05;terça-feira;22:00:00;101.0;266.5;SERRA;Falta de Atenção à Condução;Colisão transversal;Com Vítimas Feridas;Plena Noite;Crescente;Nublado;Dupla;Reta;Sim;2;0;1;0;0;1;1;2;-20.1902;-40.26829
247582.0;2019-11-06;quarta-feira;16:30:00;101.0;365.1;ANCHIETA;Falta de Atenção à Condução;Colisão com objeto estático;Com Vítimas Feridas;Pleno dia;Decrescente;Nublado;Dupla;Curva;Não;1;0;0;1;0;0;1;1;-20.73398;-40.75071
247620.0;2019-11-06;quarta-feira;21:30:00;101.0;267.0;SERRA;Falta de Atenção à Condução;Colisão com objeto estático;Com Vítimas Feridas;Plena Noite;Decrescente;Chuva;Dupla;Reta;Sim;1;0;0;1;0;0;1;1;-20.19931;-40.26885
247616.0;2019-11-06;quarta-feira;21:25:00;101.0;73.0;SAO MATEUS;Falta de Atenção à Condução;Tombamento;Com Vítimas Feridas;Plena Noite;Crescente;Céu Claro;Simples;Curva;Não;1;0;0;1;0;0;1;1;-18.77025;-39.86803
247588.0;2019-11-06;quarta-feira;16:10:00;101.0;150.5;LINHARES;Não guardar distância de segurança;Colisão traseira;Sem Vítimas;Pleno dia;Decrescente;Céu Claro;Dupla;Reta;Sim;2;0;0;0;2;0;0;2;-19.4062;-40.06278