id;data_inversa;dia_semana;horario;br;km;municipio;causa_acidente;tipo_acidente;classificacao_acidente;fase_dia;sentido_via;condicao_metereologica;tipo_pista;tracado_via;uso_solo;pessoas;mortos;feridos_leves;feridos_graves;ilesos;ignorados;feridos;veiculos;latitude;longitude
247532.0;2019-11-06;quarta-feira;14:20:00;101.0;238.4;FUNDAO;Desobediência às normas de trânsito pelo condutor;Colisão transversal;Com Vítimas Feridas;Pleno dia;Crescente;Sol;Simples;Curva;Sim;2;0;0;1;1;0;1;2;-20.00196;-40.41321
247515.0;2019-11-06;quarta-feira;12:00:00;101.0;269.5;SERRA;Desobediência às normas de trânsito pelo condutor;Colisão transversal;Com Vítimas Feridas;Pleno dia;Decrescente;Céu Claro;Múltipla;Não Informado;Sim;2;0;1;0;0;1;1;2;-20.2174;-40.269909999999996
247517.0;2019-11-06;quarta-feira;08:40:00;262.0;155.3;IBATIBA;Animais na Pista;Atropelamento de Animal;Com Vítimas Feridas;Pleno dia;Decrescente;Sol;Simples;Reta;Sim;2;0;0;1;1;0;1;1;-20.22652;-41.47056
247502.0;2019-11-06;quarta-feira;09:30:00;259.0;30.5;COLATINA;Carga excessiva e/ou mal acondicionada;Tombamento;Com Vítimas Feridas;Pleno dia;Decrescente;Céu Claro;Simples;Rotatória;Não;1;0;0;1;0;0;1;1;-19.59525;-40.50647
247482.0;2019-11-06;quarta-feira;07:50:00;101.0;0.6;SERRA;Desobediência às normas de trânsito pelo condutor;Colisão lateral;Com Vítimas Feridas;Pleno dia;Crescente;Sol;Dupla;Reta;Sim;3;0;2;0;1;0;2;2;-20.129089999999998;-40.30812
247529.0;2019-11-06;quarta-feira;14:05:00;101.0;267.8;SERRA;Falta de Atenção à Condução;Colisão lateral;Com Vítimas Feridas;Pleno dia;Crescente;Céu Claro;Dupla;Reta;Sim;2;0;0;1;1;0;1;2;-20.20842;-40.2694
247758.0;2019-11-07;quinta-feira;13:40:00;101.0;1.0;SERRA;Não guardar distância de segurança;Colisão traseira;Com Vítimas Feridas;Pleno dia;Decrescente;Sol;Dupla;Reta;Não;4;0;2;0;2;0;2;4;-20.24277;-40.28134
247686.0;2019-11-07;quinta-feira;08:00:00;262.0;4.0;CARIACICA;Não guardar distância de segurança;Colisão lateral;Com Vítimas Feridas;Pleno dia;Decrescente;Céu Claro;Simples;Reta;Sim;3;0;0;1;2;0;1;3;-20.33609;-40.37813
247695.0;2019-11-07;quinta-feira;07:30:00;101.0;268.4;SERRA;Falta de Atenção à Condução;Colisão transversal;Com Vítimas Feridas;Pleno dia;Decrescente;Sol;Dupla;Reta;Sim;2;0;2;0;0;0;2;2;-20.20842;-40.2694
247698.0;2019-11-07;quinta-feira;07:20:00;262.0;113.0;VENDA NOVA DO IMIGRANTE;Falta de Atenção à Condução;Capotamento;Com Vítimas Feridas;Amanhecer;Decrescente;Chuva;Simples;Curva;Não;1;0;1;0;0;0;1;1;-20.33172;-41.20453
247771.0;2019-11-07;quinta-feira;15:05:00;101.0;29.9;CONCEICAO DA BARRA;Restrição de Visibilidade;Colisão traseira;Com Vítimas Feridas;Pleno dia;Crescente;Sol;Simples;Desvio Temporário;Não;3;0;0;1;1;1;1;2;-18.39992;-39.93878
247795.0;2019-11-07;quinta-feira;18:20:00;101.0;292.8;CARIACICA;Desobediência às normas de trânsito pelo condutor;Atropelamento de Pedestre;Com Vítimas Feridas;Plena Noite;Crescente;Nublado;Dupla;Reta;Sim;3;0;0;2;0;1;2;1;-20.30651;-40.394890000000004
247797.0;2019-11-07;quinta-feira;18:10:00;101.0;42.0;CONCEICAO DA BARRA;Defeito Mecânico no Veículo;Colisão frontal;Com Vítimas Feridas;Anoitecer;Crescente;Céu Claro;Simples;Reta;Não;2;0;1;0;1;0;1;2;-18.517020000000002;-39.9133
247829.0;2019-11-07;quinta-feira;21:10:00;101.0;262.1;SERRA;Objeto estático sobre o leito carroçável;Colisão com objeto estático;Com Vítimas Feridas;Plena Noite;Crescente;Nublado;Dupla;Reta;Não;1;0;0;1;0;0;1;1;-20.15723;-40.27678
247835.0;2019-11-07;quinta-feira;22:00:00;482.0;63.1;JERONIMO MONTEIRO;Falta de Atenção do Pedestre;Atropelamento de Pedestre;Com Vítimas Feridas;Plena Noite;Crescente;Nublado;Simples;Reta;Sim;2;0;0;1;1;0;1;1;-20.79081;-41.38811
247852.0;2019-11-07;quinta-feira;23:50:00;101.0;231.1;FUNDAO;Agressão Externa;Saída de leito carroçável;Com Vítimas Feridas;Plena Noite;Crescente;Nublado;Simples;Reta;Não;1;0;0;1;0;0;1;1;-19.94426;-40.406620000000004
247725.0;2019-11-07;quinta-feira;07:00:00;393.0;8.7;CACHOEIRO DE ITAPEMIRIM;Animais na Pista;Atropelamento de Animal;Com Vítimas Feridas;Pleno dia;Crescente;Céu Claro;Simples;Curva;Não;1;0;1;0;0;0;1;1;-20.831310000000002;-41.22312
247717.0;2019-11-07;quinta-feira;08:45:00;101.0;406.0;ITAPEMIRIM;Velocidade Incompatível;Saída de leito carroçável;Com Vítimas Feridas;Pleno dia;Crescente;Céu Claro;Simples;Curva;Não;2;0;1;0;1;0;1;1;-20.89815;-41.0241
247989.0;2019-11-08;sexta-feira;14:20:00;101.0;149.2;LINHARES;Desobediência às normas de trânsito pelo condutor;Colisão transversal;Com Vítimas Feridas;Pleno dia;Decrescente;Céu Claro;Simples;Reta;Sim;3;0;1;0;2;0;1;2;-19.39619;-40.06436
247869.0;2019-11-08;sexta-feira;04:50:00;101.0;76.6;SAO MATEUS;Falta de Atenção à Condução;Colisão traseira;Com Vítimas Fatais;Amanhecer;Crescente;Céu Claro;Simples;Desvio Temporário;Não;4;1;2;0;0;1;2;2;-18.7922;-39.884640000000005
247928.0;2019-11-08;sexta-feira;11:20:00;101.0;403.6;ITAPEMIRIM;Não guardar distância de segurança;Tombamento;Com Vítimas Feridas;Pleno dia;Decrescente;Sol;Simples;Reta;Não;1;0;1;0;0;0;1;1;-20.88929;-40.98621
247986.0;2019-11-08;sexta-feira;16:43:00;101.0;253.1;SERRA;Animais na Pista;Tombamento;Com Vítimas Feridas;Pleno dia;Decrescente;Sol;Simples;Reta;Sim;1;0;1;0;0;0;1;1;-20.10337;-40.33384
248013.0;2019-11-08;sexta-feira;18:40:00;101.0;376.0;ICONHA;Falta de Atenção à Condução;Colisão transversal;Com Vítimas Feridas;Plena Noite;Crescente;Chuva;Simples;Reta;Não;2;0;1;0;1;0;1;2;-20.790129999999998;-40.80344
248025.0;2019-11-08;sexta-feira;19:15:00;101.0;140.0;LINHARES;Falta de Atenção à Condução;Queda de ocupante de veículo;Com Vítimas Feridas;Plena Noite;Decrescente;Céu Claro;Simples;Reta;Sim;1;0;1;0;0;0;1;1;-19.318170000000002;-40.075520000000004
248088.0;2019-11-08;sexta-feira;20:50:00;482.0;120.0;GUACUI;Pista Escorregadia;Saída de leito carroçável;Com Vítimas Feridas;Plena Noite;Decrescente;Chuva;Simples;Reta;Não;2;0;2;0;0;0;2;1;-20.73824;-41.83163
248209.0;2019-11-09;sábado;13:30:00;482.0;81.5;ALEGRE;Desobediência às normas de trânsito pelo condutor;Colisão transversal;Com Vítimas Feridas;Pleno dia;Decrescente;Céu Claro;Simples;Reta;Não;2;0;1;0;1;0;1;2;-20.76087;-41.515879999999996
248176.0;2019-11-09;sábado;09:00:00;101.0;6.7;PEDRO CANARIO;Velocidade Incompatível;Colisão com objeto estático;Com Vítimas Feridas;Pleno dia;Crescente;Céu Claro;Simples;Curva;Não;1;0;0;1;0;0;1;1;-18.21951;-39.94488
248267.0;2019-11-09;sábado;18:20:00;101.0;406.4;ITAPEMIRIM;Velocidade Incompatível;Saída de leito carroçável;Com Vítimas Feridas;Plena Noite;Decrescente;Céu Claro;Simples;Reta;Não;1;0;1;0;0;0;1;1;-20.89494;-41.02544
248331.0;2019-11-09;sábado;21:30:00;101.0;31.0;CONCEICAO DA BARRA;Ingestão de Álcool;Colisão com objeto estático;Sem Vítimas;Plena Noite;Crescente;Céu Claro;Simples;Rotatória;Sim;2;0;0;0;2;0;0;2;-18.41695;-39.93609
248093.0;2019-11-09;sábado;00:05:00;101.0;162.9;LINHARES;Falta de Atenção à Condução;Colisão transversal;Com Vítimas Feridas;Plena Noite;Decrescente;Céu Claro;Simples;Interseção de vias;Não;3;0;2;0;1;0;2;2;-19.49015;-40.12624
248270.0;2019-11-09;sábado;19:30:00;262.0;55.0;MARECHAL FLORIANO;Falta de Atenção à Condução;Tombamento;Com Vítimas Feridas;Plena Noite;Decrescente;Céu Claro;Simples;Reta;Não;2;0;0;1;0;1;1;2;-20.41121;-40.74794
253327.0;2019-11-10;domingo;16:50:00;101.0;188.0;ARACRUZ;Falta de Atenção à Condução;Colisão lateral;Com Vítimas Feridas;Pleno dia;Decrescente;Céu Claro;Simples;Reta;Não;4;0;0;2;2;0;2;3;-19.67569;-40.263690000000004
248360.0;2019-11-10;domingo;01:35:00;101.0;151.2;LINHARES;Desobediência às normas de trânsito pelo condutor;Colisão com objeto estático;Sem Vítimas;Plena Noite;Decrescente;Céu Claro;Simples;Reta;Não;1;0;0;0;0;1;0;1;-19.41281;-40.06643
248329.0;2019-11-10;domingo;00:30:00;101.0;271.9;SERRA;Falta de Atenção à Condução;Colisão com objeto estático;Com Vítimas Feridas;Plena Noite;Decrescente;Céu Claro;Múltipla;Reta;Sim;1;0;1;0;0;0;1;1;-20.23248;-40.27721
248414.0;2019-11-10;domingo;08:50:00;259.0;36.0;COLATINA;Defeito Mecânico no Veículo;Incêndio;Sem Vítimas;Pleno dia;Crescente;Sol;Simples;Reta;Não;1;0;0;0;1;0;0;1;-19.55386;-40.50237
248409.0;2019-11-10;domingo;07:50:00;101.0;188.1;ARACRUZ;Carga excessiva e/ou mal acondicionada;Tombamento;Com Vítimas Feridas;Pleno dia;Crescente;Sol;Simples;Curva;Não;1;0;1;0;0;0;1;1;-19.67569;-40.263690000000004
248393.0;2019-11-10;domingo;07:00:00;101.0;141.0;LINHARES;Desobediência às normas de trânsito pelo condutor;Colisão traseira;Com Vítimas Feridas;Pleno dia;Crescente;Céu Claro;Dupla;Interseção de vias;Não;2;0;1;0;1;0;1;2;-19.32656;-40.07192
248526.0;2019-11-10;domingo;18:35:00;262.0;6.5;CARIACICA;Animais na Pista;Colisão frontal;Com Vítimas Feridas;Plena Noite;Crescente;Céu Claro;Dupla;Reta;Sim;2;0;1;0;1;0;1;1;-20.34007;-40.39451
248784.0;2019-11-11;segunda-feira;11:40:00;101.0;150.2;LINHARES;Falta de Atenção à Condução;Colisão com objeto estático;Com Vítimas Feridas;Pleno dia;Crescente;Sol;Múltipla;Reta;Sim;1;0;0;1;0;0;1;1;-19.40437;-40.060790000000004
248797.0;2019-11-11;segunda-feira;12:15:00;101.0;292.0;CARIACICA;Falta de Atenção à Condução;Colisão traseira;Com Vítimas Feridas;Pleno dia;Crescente;Sol;Dupla;Reta;Não;2;0;1;0;1;0;1;2;-20.30651;-40.394890000000004
248846.0;2019-11-11;segunda-feira;17:20:00;262.0;97.4;DOMINGOS MARTINS;Pista Escorregadia;Colisão frontal;Sem Vítimas;Anoitecer;Crescente;Chuva;Simples;Curva;Sim;3;0;0;0;3;0;0;3;-20.36104;-41.07465
248847.0;2019-11-11;segunda-feira;18:10:00;259.0;61.2;COLATINA;Não guardar distância de segurança;Colisão traseira;Com Vítimas Feridas;Anoitecer;Crescente;Ignorado;Simples;Reta;Não;2;0;0;1;1;0;1;2;-19.5308;-40.68209
248888.0;2019-11-11;segunda-feira;20:00:00;262.0;31.0;DOMINGOS MARTINS;Pista Escorregadia;Colisão com objeto estático;Com Vítimas Feridas;Plena Noite;Crescente;Chuva;Simples;Curva;Não;2;0;1;0;1;0;1;2;-20.3807;-40.568490000000004
248848.0;2019-11-11;segunda-feira;18:15:00;259.0;61.2;COLATINA;Falta de Atenção à Condução;Colisão traseira;Com Vítimas Feridas;Plena Noite;Crescente;Céu Claro;Simples;Reta;Não;3;0;0;1;2;0;1;3;-19.5308;-40.68209
248752.0;2019-11-11;segunda-feira;09:30:00;101.0;279.1;SERRA;Falta de Atenção à Condução;Colisão transversal;Com Vítimas Feridas;Pleno dia;Crescente;Sol;Dupla;Reta;Não;3;0;1;1;1;0;2;2;-20.20789;-40.31335
248915.0;2019-11-12;terça-feira;06:40:00;262.0;130.2;BREJETUBA;Condutor Dormindo;Saída de leito carroçável;Com Vítimas Feridas;Pleno dia;Crescente;Chuva;Simples;Reta;Não;1;0;1;0;0;0;1;1;-20.259539999999998;-41.29828
248919.0;2019-11-12;terça-feira;07:10:00;262.0;39.9;DOMINGOS MARTINS;Velocidade Incompatível;Colisão frontal;Com Vítimas Feridas;Pleno dia;Crescente;Nublado;Simples;Curva;Não;6;0;1;1;4;0;2;2;-20.38385;-40.63555
248940.0;2019-11-12;terça-feira;08:15:00;101.0;150.1;LINHARES;Não guardar distância de segurança;Colisão traseira;Com Vítimas Feridas;Pleno dia;Decrescente;Nublado;Simples;Reta;Sim;2;0;1;0;1;0;1;2;-19.40437;-40.060790000000004
248973.0;2019-11-12;terça-feira;11:50:00;262.0;6.8;CARIACICA;Falta de Atenção do Pedestre;Atropelamento de Pedestre;Com Vítimas Feridas;Pleno dia;Decrescente;Céu Claro;Múltipla;Reta;Sim;2;0;1;0;1;0;1;1;-20.34007;-40.39451
248978.0;2019-11-12;terça-feira;13:00:00;101.0;267.0;SERRA;Desobediência às normas de trânsito pelo condutor;Colisão traseira;Com Vítimas Feridas;Pleno dia;Decrescente;Sol;Dupla;Reta;Sim;3;0;1;0;2;0;1;3;-20.19931;-40.26885
249079.0;2019-11-12;terça-feira;19:45:00;101.0;348.2;ANCHIETA;Condutor Dormindo;Colisão lateral;Com Vítimas Feridas;Plena Noite;Crescente;Chuva;Simples;Reta;Não;2;0;1;0;1;0;1;2;-20.65106;-40.63527
249065.0;2019-11-12;terça-feira;18:30:00;259.0;71.5;COLATINA;Falta de Atenção à Condução;Tombamento;Com Vítimas Feridas;Plena Noite;Crescente;Céu Claro;Simples;Reta;Não;1;0;0;1;0;0;1;1;-19.497320000000002;-40.76455
249158.0;2019-11-13;quarta-feira;09:00:00;101.0;240.0;SERRA;Pista Escorregadia;Saída de leito carroçável;Com Vítimas Feridas;Pleno dia;Crescente;Chuva;Dupla;Curva;Não;3;0;2;0;1;0;2;1;-20.01594;-40.40402
249198.0;2019-11-13;quarta-feira;13:00:00;101.0;274.0;SERRA;Pista Escorregadia;Colisão com objeto estático;Com Vítimas Feridas;Pleno dia;Crescente;Chuva;Dupla;Curva;Não;1;0;1;0;0;0;1;1;-20.212889999999998;-40.29612
249262.0;2019-11-13;quarta-feira;18:20:00;262.0;4.5;CARIACICA;Falta de Atenção à Condução;Colisão traseira;Com Vítimas Feridas;Plena Noite;Decrescente;Chuva;Dupla;Reta;Sim;2;0;1;0;1;0;1;2;-20.33677;-40.38953
249259.0;2019-11-13;quarta-feira;16:50:00;262.0;32.0;DOMINGOS MARTINS;Falta de Atenção à Condução;Colisão com objeto estático;Sem Vítimas;Anoitecer;Decrescente;Chuva;Dupla;Reta;Não;1;0;0;0;1;0;0;1;-20.37886;-40.577729999999995
249258.0;2019-11-13;quarta-feira;18:00:00;101.0;271.2;SERRA;Falta de Atenção à Condução;Colisão lateral;Com Vítimas Feridas;Plena Noite;Crescente;Chuva;Dupla;Reta;Não;2;0;1;0;1;0;1;2;-20.232670000000002;-40.276579999999996
249164.0;2019-11-13;quarta-feira;09:50:00;101.0;164.9;LINHARES;Velocidade Incompatível;Saída de leito carroçável;Com Vítimas Feridas;Pleno dia;Decrescente;Chuva;Simples;Reta;Não;1;0;1;0;0;0;1;1;-19.51264;-40.1393
249503.0;2019-11-14;quinta-feira;19:00:00;262.0;5.0;CARIACICA;Falta de Atenção à Condução;Colisão lateral;Com Vítimas Feridas;Plena Noite;Crescente;Chuva;Múltipla;Reta;Sim;2;0;1;0;0;1;1;2;-20.33707;-40.3865
249392.0;2019-11-14;quinta-feira;12:30:00;262.0;3.0;CARIACICA;Velocidade Incompatível;Colisão com objeto estático;Com Vítimas Feridas;Pleno dia;Decrescente;Chuva;Dupla;Reta;Sim;4;0;3;0;1;0;3;2;-20.33374;-40.36911
249391.0;2019-11-14;quinta-feira;12:15:00;101.0;303.0;CARIACICA;Falta de Atenção à Condução;Colisão traseira;Com Vítimas Feridas;Pleno dia;Crescente;Chuva;Dupla;Reta;Sim;2;0;1;0;1;0;1;2;-20.37696;-40.44527
249386.0;2019-11-14;quinta-feira;12:00:00;101.0;67.8;SAO MATEUS;Desobediência às normas de trânsito pelo condutor;Colisão transversal;Com Vítimas Feridas;Pleno dia;Decrescente;Nublado;Dupla;Interseção de vias;Sim;2;0;0;1;1;0;1;2;-18.72054;-39.86589
249367.0;2019-11-14;quinta-feira;08:40:00;262.0;79.0;DOMINGOS MARTINS;Falta de Atenção à Condução;Capotamento;Com Vítimas Feridas;Pleno dia;Decrescente;Chuva;Simples;Curva;Não;2;0;2;0;0;0;2;1;-20.40938;-40.9321
249355.0;2019-11-14;quinta-feira;08:45:00;482.0;94.9;ALEGRE;Defeito Mecânico no Veículo;Tombamento;Com Vítimas Feridas;Pleno dia;Crescente;Nublado;Simples;Curva;Não;2;0;0;2;0;0;2;1;-20.75935;-41.5843
249351.0;2019-11-14;quinta-feira;09:40:00;101.0;249.9;SERRA;Pista Escorregadia;Capotamento;Com Vítimas Feridas;Pleno dia;Decrescente;Chuva;Simples;Reta;Não;1;0;1;0;0;0;1;1;-20.07372;-40.35346
249341.0;2019-11-14;quinta-feira;08:30:00;101.0;72.6;SAO MATEUS;Ultrapassagem Indevida;Colisão lateral;Com Vítimas Feridas;Pleno dia;Decrescente;Nublado;Simples;Reta;Não;3;0;2;0;1;0;2;2;-18.76249;-39.86354
249333.0;2019-11-14;quinta-feira;08:00:00;101.0;0.4;SERRA;Desobediência às normas de trânsito pelo condutor;Colisão transversal;Com Vítimas Feridas;Pleno dia;Decrescente;Chuva;Múltipla;Interseção de vias;Sim;4;0;2;0;1;1;2;4;-20.236929999999997;-40.277390000000004
249551.0;2019-11-14;quinta-feira;23:30:00;101.0;273.7;SERRA;Pista Escorregadia;Colisão com objeto estático;Com Vítimas Feridas;Plena Noite;Decrescente;Nublado;Dupla;Reta;Não;1;0;0;1;0;0;1;1;-20.22031;-40.29058
249776.0;2019-11-15;sexta-feira;18:50:00;101.0;265.7;SERRA;Não guardar distância de segurança;Colisão traseira;Com Vítimas Feridas;Plena Noite;Decrescente;Chuva;Múltipla;Reta;Sim;2;0;1;0;1;0;1;2;-20.18719;-40.267959999999995
249765.0;2019-11-15;sexta-feira;18:30:00;101.0;103.5;SOORETAMA;Falta de Atenção à Condução;Tombamento;Com Vítimas Feridas;Plena Noite;Decrescente;Garoa/Chuvisco;Simples;Reta;Não;1;0;1;0;0;0;1;1;-19.00477;-40.00711
249786.0;2019-11-15;sexta-feira;20:10:00;101.0;325.3;GUARAPARI;Defeito Mecânico no Veículo;Tombamento;Com Vítimas Feridas;Plena Noite;Crescente;Chuva;Dupla;Curva;Não;2;0;2;0;0;0;2;1;-20.55491;-40.48065
249750.0;2019-11-15;sexta-feira;17:30:00;101.0;147.3;LINHARES;Desobediência às normas de trânsito pelo condutor;Colisão frontal;Com Vítimas Feridas;Anoitecer;Decrescente;Nublado;Simples;Reta;Sim;5;0;1;2;2;0;3;4;-19.378870000000003;-40.06658
249722.0;2019-11-15;sexta-feira;15:30:00;101.0;266.3;SERRA;Falta de Atenção do Pedestre;Atropelamento de Pedestre;Com Vítimas Feridas;Pleno dia;Crescente;Garoa/Chuvisco;Dupla;Não Informado;Sim;3;0;1;0;1;1;1;1;-20.1902;-40.26829
249611.0;2019-11-15;sexta-feira;08:30:00;101.0;291.0;CARIACICA;Falta de Atenção à Condução;Colisão lateral;Com Vítimas Feridas;Pleno dia;Crescente;Céu Claro;Dupla;Reta;Sim;2;0;0;1;1;0;1;2;-20.29756;-40.394459999999995
249640.0;2019-11-15;sexta-feira;10:00:00;101.0;106.0;SOORETAMA;Falta de Atenção à Condução;Queda de ocupante de veículo;Com Vítimas Feridas;Pleno dia;Decrescente;Garoa/Chuvisco;Simples;Reta;Não;1;0;0;1;0;0;1;1;-19.029410000000002;-40.018879999999996
249563.0;2019-11-15;sexta-feira;03:40:00;101.0;25.4;CONCEICAO DA BARRA;Falta de Atenção à Condução;Colisão transversal;Com Vítimas Fatais;Plena Noite;Decrescente;Nublado;Simples;Reta;Não;3;1;0;0;2;0;0;3;-18.3674;-39.95085
249569.0;2019-11-15;sexta-feira;05:30:00;101.0;333.7;GUARAPARI;Velocidade Incompatível;Saída de leito carroçável;Com Vítimas Feridas;Amanhecer;Crescente;Garoa/Chuvisco;Dupla;Curva;Não;2;0;0;2;0;0;2;1;-20.61942;-40.51788
249969.0;2019-11-16;sábado;16:20:00;393.0;2.0;CACHOEIRO DE ITAPEMIRIM;Desobediência às normas de trânsito pelo condutor;Colisão frontal;Com Vítimas Feridas;Pleno dia;Crescente;Nublado;Simples;Reta;Sim;2;0;0;2;0;0;2;2;-20.83243;-41.17491
249890.0;2019-11-16;sábado;11:50:00;101.0;228.2;FUNDAO;Falta de Atenção à Condução;Colisão com objeto estático;Com Vítimas Feridas;Pleno dia;Decrescente;Nublado;Simples;Curva;Não;2;0;0;2;0;0;2;1;-19.918689999999998;-40.40571
249984.0;2019-11-16;sábado;20:20:00;259.0;99.0;BAIXO GUANDU;Falta de Atenção à Condução;Colisão transversal;Com Vítimas Feridas;Plena Noite;Crescente;Nublado;Simples;Reta;Sim;3;0;1;1;1;0;2;2;-19.51537;-40.98652
249937.0;2019-11-16;sábado;12:00:00;262.0;6.3;CARIACICA;Defeito Mecânico no Veículo;Danos eventuais;Sem Vítimas;Pleno dia;Crescente;Nublado;Múltipla;Interseção de vias;Sim;1;0;0;0;1;0;0;1;-20.34007;-40.39451
249995.0;2019-11-16;sábado;20:00:00;262.0;2.0;CARIACICA;Ingestão de Álcool;Colisão lateral;Com Vítimas Feridas;Plena Noite;Decrescente;Garoa/Chuvisco;Dupla;Reta;Sim;2;0;0;2;0;0;2;2;-20.33276;-40.36078
250004.0;2019-11-16;sábado;21:45:00;101.0;270.3;SERRA;Desobediência às normas de trânsito pelo condutor;Tombamento;Com Vítimas Feridas;Plena Noite;Decrescente;Nublado;Múltipla;Interseção de vias;Sim;3;0;1;0;2;0;1;2;-20.22662;-40.27075
249819.0;2019-11-16;sábado;01:20:00;101.0;293.8;CARIACICA;Falta de Atenção à Condução;Colisão com objeto estático;Com Vítimas Feridas;Plena Noite;Crescente;Nublado;Dupla;Curva;Sim;3;0;3;0;0;0;3;1;-20.315260000000002;-40.39567
249829.0;2019-11-16;sábado;04:00:00;101.0;406.7;ITAPEMIRIM;Condutor Dormindo;Tombamento;Com Vítimas Feridas;Plena Noite;Crescente;Chuva;Simples;Curva;Não;1;0;1;0;0;0;1;1;-20.89304;-41.027809999999995
249892.0;2019-11-16;sábado;08:32:00;101.0;70.0;SAO MATEUS;Pista Escorregadia;Saída de leito carroçável;Com Vítimas Feridas;Pleno dia;Crescente;Garoa/Chuvisco;Simples;Reta;Não;2;0;2;0;0;0;2;1;-18.74454;-39.86165
250059.0;2019-11-17;domingo;07:10:00;101.0;266.2;SERRA;Sinalização da via insuficiente ou inadequada;Colisão transversal;Com Vítimas Feridas;Pleno dia;Decrescente;Nublado;Múltipla;Não Informado;Sim;3;0;1;0;2;0;1;2;-20.19342;-40.26854
250135.0;2019-11-17;domingo;11:50:00;482.0;95.1;ALEGRE;Mal Súbito;Tombamento;Com Vítimas Feridas;Pleno dia;Decrescente;Nublado;Simples;Reta;Não;1;0;1;0;0;0;1;1;-20.75715;-41.57895
250079.0;2019-11-17;domingo;08:25:00;262.0;33.6;DOMINGOS MARTINS;Falta de Atenção à Condução;Colisão lateral;Com Vítimas Feridas;Pleno dia;Decrescente;Nublado;Simples;Curva;Não;3;0;2;0;0;1;2;2;-20.37531;-40.58807
250268.0;2019-11-17;domingo;23:30:00;101.0;139.0;LINHARES;Não guardar distância de segurança;Colisão traseira;Com Vítimas Feridas;Plena Noite;Decrescente;Nublado;Simples;Reta;Não;3;0;1;1;0;1;2;2;-19.31017;-40.07997
250205.0;2019-11-17;domingo;18:10:00;101.0;160.0;LINHARES;Ingestão de Álcool;Colisão traseira;Sem Vítimas;Plena Noite;Crescente;Nublado;Simples;Reta;Não;5;0;0;0;5;0;0;2;-19.47663;-40.11403
250138.0;2019-11-17;domingo;14:50:00;262.0;115.7;CONCEICAO DO CASTELO;Ingestão de Álcool;Colisão lateral;Com Vítimas Feridas;Pleno dia;Decrescente;Nublado;Simples;Reta;Não;2;0;1;0;1;0;1;2;-20.32054;-41.21864
256282.0;2019-11-17;domingo;21:00:00;262.0;95.0;DOMINGOS MARTINS;Velocidade Incompatível;Colisão frontal;Com Vítimas Feridas;Plena Noite;Crescente;Chuva;Simples;Curva;Não;5;0;2;2;1;0;4;2;-20.365920000000003;-41.0604
250121.0;2019-11-17;domingo;13:30:00;101.0;149.2;LINHARES;Falta de Atenção à Condução;Colisão transversal;Com Vítimas Feridas;Pleno dia;Decrescente;Chuva;Dupla;Interseção de vias;Sim;4;0;1;0;3;0;1;2;-19.39619;-40.06436
250454.0;2019-11-18;segunda-feira;19:20:00;101.0;266.4;SERRA;Desobediência às normas de trânsito pelo condutor;Colisão transversal;Com Vítimas Feridas;Plena Noite;Decrescente;Chuva;Múltipla;Interseção de vias;Sim;2;0;0;1;1;0;1;2;-20.1902;-40.26829
250338.0;2019-11-18;segunda-feira;08:30:00;101.0;282.8;CARIACICA;Velocidade Incompatível;Capotamento;Com Vítimas Feridas;Pleno dia;Decrescente;Garoa/Chuvisco;Dupla;Retorno Regulamentado;Sim;2;0;2;0;0;0;2;1;-20.22694;-40.36458